-- MariaDB dump 10.19  Distrib 10.10.3-MariaDB, for Win64 (AMD64)
--
-- Host: localhost    Database: gravitygather
-- ------------------------------------------------------
-- Server version	10.10.3-MariaDB

/*!40101 SET @OLD_CHARACTER_SET_CLIENT=@@CHARACTER_SET_CLIENT */;
/*!40101 SET @OLD_CHARACTER_SET_RESULTS=@@CHARACTER_SET_RESULTS */;
/*!40101 SET @OLD_COLLATION_CONNECTION=@@COLLATION_CONNECTION */;
/*!40101 SET NAMES utf8mb4 */;
/*!40103 SET @OLD_TIME_ZONE=@@TIME_ZONE */;
/*!40103 SET TIME_ZONE='+00:00' */;
/*!40014 SET @OLD_UNIQUE_CHECKS=@@UNIQUE_CHECKS, UNIQUE_CHECKS=0 */;
/*!40014 SET @OLD_FOREIGN_KEY_CHECKS=@@FOREIGN_KEY_CHECKS, FOREIGN_KEY_CHECKS=0 */;
/*!40101 SET @OLD_SQL_MODE=@@SQL_MODE, SQL_MODE='NO_AUTO_VALUE_ON_ZERO' */;
/*!40111 SET @OLD_SQL_NOTES=@@SQL_NOTES, SQL_NOTES=0 */;

--
-- Table structure for table `alarms`
--

DROP TABLE IF EXISTS `alarms`;
/*!40101 SET @saved_cs_client     = @@character_set_client */;
/*!40101 SET character_set_client = utf8 */;
CREATE TABLE `alarms` (
  `seq` int(11) NOT NULL AUTO_INCREMENT,
  `receive_seq` int(11) NOT NULL,
  `sender_seq` int(11) DEFAULT NULL,
  `msg` varchar(200) DEFAULT NULL,
  `is_check` tinyint(1) DEFAULT 0,
  `dte_cde_val` varchar(255) DEFAULT NULL,
  `cont_seq` int(11) DEFAULT NULL,
  `created_at` timestamp NULL DEFAULT current_timestamp(),
  PRIMARY KEY (`seq`)
) ENGINE=InnoDB AUTO_INCREMENT=8 DEFAULT CHARSET=utf8mb4 COLLATE=utf8mb4_general_ci;
/*!40101 SET character_set_client = @saved_cs_client */;

--
-- Dumping data for table `alarms`
--

LOCK TABLES `alarms` WRITE;
/*!40000 ALTER TABLE `alarms` DISABLE KEYS */;
INSERT INTO `alarms` VALUES
(1,1,2,'회원님이 작성하신 \"ㅁㅁㅁㅁㅁㅁㅁㅁㅁㅁㅁㅁ\"글에 댓글이 달렸습니다.',1,'01',NULL,'2023-11-17 12:39:02'),
(2,1,1,'회원님이 작성하신 \"ㅁㅁㅁㅁㅁㅁㅁㅁㅁㅁㅁㅁ\"글에 댓글이 달렸습니다.',1,'01',NULL,'2023-11-17 12:40:33'),
(4,1,1,'\"공유 테스트\" 알림이 공유되었습니다.',1,NULL,NULL,'2023-11-27 11:34:59'),
(5,2,1,'\"공유 테스트\" 알림이 공유되었습니다.',1,NULL,NULL,'2023-11-27 11:35:00'),
(6,3,1,'\"공유 테스트\" 알림이 공유되었습니다.',0,NULL,NULL,'2023-11-27 11:35:00'),
(7,2,1,'\"공유해드림 ㅋㅋㅎㅎㅎ\" 일정이 공유되었습니다.',1,NULL,NULL,'2023-11-28 08:58:36');
/*!40000 ALTER TABLE `alarms` ENABLE KEYS */;
UNLOCK TABLES;

--
-- Table structure for table `article`
--

DROP TABLE IF EXISTS `article`;
/*!40101 SET @saved_cs_client     = @@character_set_client */;
/*!40101 SET character_set_client = utf8 */;
CREATE TABLE `article` (
  `seq` int(11) NOT NULL AUTO_INCREMENT,
  `master_seq` int(11) NOT NULL,
  `title` varchar(100) NOT NULL,
  `content` text NOT NULL,
  `is_delete` tinyint(1) DEFAULT 0,
  `user_seq` varchar(100) NOT NULL,
  `view_count` int(11) NOT NULL DEFAULT 0,
  `created_at` datetime NOT NULL DEFAULT current_timestamp(),
  `updated_at` datetime DEFAULT current_timestamp() ON UPDATE current_timestamp(),
  PRIMARY KEY (`seq`),
  KEY `master_seq` (`master_seq`),
  KEY `idx_article_author` (`user_seq`),
  KEY `idx_article_view_count` (`view_count`),
  CONSTRAINT `article_ibfk_1` FOREIGN KEY (`master_seq`) REFERENCES `articlemaster` (`seq`) ON DELETE CASCADE
) ENGINE=InnoDB AUTO_INCREMENT=28 DEFAULT CHARSET=utf8mb4 COLLATE=utf8mb4_general_ci;
/*!40101 SET character_set_client = @saved_cs_client */;

--
-- Dumping data for table `article`
--

LOCK TABLES `article` WRITE;
/*!40000 ALTER TABLE `article` DISABLE KEYS */;
INSERT INTO `article` VALUES
(1,2,'제목입니다.제목입니다.제목입니다.제목입니다.제목입니다.제목입니다.제목입니다.제목입니다.제목입니다.제목입니다.제목입니다.제목입니다.제목입니다.제목입니다.제목입니다.제목입니다.','내용입니다.',0,'2',9,'2023-11-29 20:39:42','2023-12-03 17:34:28'),
(2,2,'테스트','입니다',0,'2',18,'2023-11-29 22:05:06','2023-12-02 15:48:24'),
(3,1,'ㅁㄴㅇ','<p>ㅋㅌㅊ</p>',0,'1',23,'2023-11-30 23:00:26','2023-12-02 15:55:44'),
(4,2,'ㅂㅈㄷ','<p>ㅁㄴㅇ</p>',0,'1',4,'2023-11-30 23:00:32','2023-12-03 16:09:14'),
(5,3,'ㅋㅌㅊ','<p>ㅁㄴㅇ</p>',0,'1',2,'2023-11-30 23:00:36','2023-12-03 16:09:01'),
(6,1,'ㅎㅎ','<p><img src=\"http://192.168.0.100:8080/file/img/84df954a-304f-4870-b9e9-c88e5fdfd823.png\"></p>',0,'1',3,'2023-12-01 14:51:33','2023-12-02 16:19:10'),
(7,1,'ㅎㅎ','<p><img src=\"http://192.168.0.100:8080/file/img/f1af1411-0295-46be-b775-56f861a03ded.png\" width=\"496\" height=\"269.89125242921557\" style=\"display: block; margin: auto;\" data-align=\"center\"></p><p><span class=\"ql-size-large\">반갑습니다</span></p>',0,'1',12,'2023-12-01 14:54:33','2023-12-03 15:47:39'),
(8,1,'ㅁㄴㅇㅁㄴㅇ','<p>ㅂㅈㄷ</p>',0,'1',165,'2023-12-01 15:34:01','2023-12-03 16:58:40'),
(9,2,'긴글 테스트','<p>ㅁㄴㅇㅁㄴㅇ</p><iframe class=\"ql-video\" frameborder=\"0\" allowfullscreen=\"true\" src=\"https://www.youtube.com/embed/_8UitQ-WSGY?showinfo=0\" data-blot-formatter-unclickable-bound=\"true\" style=\"cursor: nwse-resize;\" width=\"1068\" height=\"534\"></iframe><p><img src=\"http://192.168.0.100:8080/file/img/603e19de-4929-47d9-aaff-565c5b48853e.png\"><img src=\"http://192.168.0.100:8080/file/img/2f389b92-2c91-479b-9173-5ac745e974c5.png\"><img src=\"http://192.168.0.100:8080/file/img/e50bee5e-2e70-4f64-8301-e7c595bf1b84.png\"></p>',0,'1',11,'2023-12-01 17:36:24','2023-12-03 16:09:04'),
(10,1,'ㅁㅁㅁㅁㅁㅁㅁㅁㅁㅁㅁㅁㅁㅁㅁㅁㅁㅁㅁㅁㅁㅁㅁㅁㅁㅁㅁㅁㅁㅁㅁㅁㅁㅁㅁㅁㅁㅁㅁㅁㅁㅁㅁㅁㅁㅁㅁㅁㅁㅁㅁㅁㅁㅁㅁㅁㅁㅁㅁㅁㅁㅁㅁㅁㅁㅁㅁㅁㅁㅁㅁㅁㅁㅁㅁㅁㅁㅁㅁㅁㅁㅁㅁㅁㅁㅁㅁㅁㅁㅁㅁㅁㅁㅁㅁㅁㅁㅁㅁㅁ','<p>qweqwe</p>',0,'1',9,'2023-12-01 18:30:26','2023-12-03 16:08:48'),
(11,1,'ㅂㅈㅇㅂㅈㅇ','<p>ㅂㅈㅇㅂㅈㅇㅂㅈㅇㄴㅇ</p><p>ㅂㅈㅇ</p><p>ㅂㅈㅇ</p><p>ㅁ</p><p>ㄴㅇ</p><p>ㅂㅈ</p><p>ㅇㅂㅈㅇㅂ</p><p>ㅈㅇㅁㅂㄴㅇ</p>',0,'1',90,'2023-12-01 22:01:39','2023-12-02 21:14:46'),
(12,1,'asdqwe','<p>asd</p>',0,'1',1,'2023-12-02 19:46:51','2023-12-03 15:50:59'),
(13,1,'wqfqwf','<p>qwfqwfqwf</p>',0,'1',31,'2023-12-02 19:46:56','2023-12-03 21:09:47'),
(14,1,'qwfqwf','<p>qwfqwffw</p>',0,'1',0,'2023-12-02 19:47:04','2023-12-02 19:47:04'),
(15,1,'asfasf','<p>asfasfasf</p>',0,'1',3,'2023-12-02 19:47:07','2023-12-03 17:38:02'),
(16,1,'qweqwe','<p>qweqwe</p>',0,'1',0,'2023-12-02 19:47:11','2023-12-02 19:47:11'),
(17,1,'qweqwea','<p>swdasdasd</p>',0,'1',1,'2023-12-02 19:47:13','2023-12-02 21:18:28'),
(18,1,'qwdqwdasd','<p>asdasdasd</p>',0,'1',4,'2023-12-02 19:47:17','2023-12-02 21:18:26'),
(19,1,'qwdawqdawda','<p>wdawdawd</p>',0,'1',2,'2023-12-02 19:47:20','2023-12-02 21:59:39'),
(20,1,'qwdqwdadaw','<p>dasdasdqsd</p>',0,'1',8,'2023-12-02 19:47:23','2023-12-02 21:18:20'),
(21,1,'qwdqwdqwd','<p>awdasdasd</p>',0,'1',15,'2023-12-02 19:47:28','2023-12-03 16:08:43'),
(22,1,'ㅎㅎㅎㅎㅎ','<p><img src=\"http://localhost:8080/file/img/6a79a2ed-854a-4bea-9693-d2a7fd28a232.jpeg\" width=\"237\" height=\"177.75\" style=\"cursor: nwse-resize;\"></p>',0,'1',84,'2023-12-02 20:39:21','2023-12-04 16:54:13'),
(23,1,'ㅎㅎㄹㄹㄹㄹ','<p>ㅎㅎ<img src=\"http://localhost:8080/file/img/541d14a1-b12d-462b-8a0b-a9e81f446deb.jpeg\" width=\"232\" height=\"174\" style=\"cursor: nwse-resize;\"></p><iframe class=\"ql-video\" frameborder=\"0\" allowfullscreen=\"true\" src=\"https://www.youtube.com/embed/QTbQfXDltX0?showinfo=0\" data-blot-formatter-unclickable-bound=\"true\" width=\"520\" height=\"260\" style=\"cursor: nwse-resize;\"></iframe><p><br></p>',0,'1',28,'2023-12-03 15:48:59','2023-12-03 17:43:19'),
(24,1,'ㅁㄴㅇㅁㄴㅇ','<h1>가운데 정렬 <span class=\"ql-size-huge\">###</span></h1><p>### 테스트 ㅎㅎ..</p>',1,'1',94,'2023-12-03 15:56:38','2023-12-03 17:33:17'),
(25,1,'ㅋㅋㅋㅋㅋㅋㅋ','<p>ㅋㅋㅋㅋㅋ</p><h2><span class=\"ql-size-huge\">테스트</span></h2><p><span class=\"ql-size-small\">테스트</span><img src=\"http://localhost:8080/file/img/cd85d2e7-1bcc-446d-9b19-52893833cb95.jpeg\" width=\"318\" height=\"238.4984660505142\" style=\"cursor: nwse-resize;\"></p>',1,'1',24,'2023-12-03 17:11:18','2023-12-03 17:33:10'),
(26,1,'asdqwd','<p><img src=\"http://localhost:8080/file/img/026a5aac-78aa-4e82-ba52-e7a965cc0f60.jpeg\" width=\"337\" height=\"252.74834371989698\" style=\"\"></p>',0,'1',29,'2023-12-03 17:44:10','2023-12-04 20:27:51'),
(27,3,'이번 테스트 게시글','<p>ㅎㅎ</p>',0,'1',5798,'2023-12-04 16:59:26','2023-12-04 21:34:40');
/*!40000 ALTER TABLE `article` ENABLE KEYS */;
UNLOCK TABLES;

--
-- Table structure for table `articlemaster`
--

DROP TABLE IF EXISTS `articlemaster`;
/*!40101 SET @saved_cs_client     = @@character_set_client */;
/*!40101 SET character_set_client = utf8 */;
CREATE TABLE `articlemaster` (
  `seq` int(11) NOT NULL AUTO_INCREMENT,
  `title` varchar(255) NOT NULL,
  `description` text DEFAULT NULL,
  `created_at` datetime NOT NULL DEFAULT current_timestamp(),
  `updated_at` datetime DEFAULT current_timestamp() ON UPDATE current_timestamp(),
  PRIMARY KEY (`seq`)
) ENGINE=InnoDB AUTO_INCREMENT=4 DEFAULT CHARSET=utf8mb4 COLLATE=utf8mb4_general_ci;
/*!40101 SET character_set_client = @saved_cs_client */;

--
-- Dumping data for table `articlemaster`
--

LOCK TABLES `articlemaster` WRITE;
/*!40000 ALTER TABLE `articlemaster` DISABLE KEYS */;
INSERT INTO `articlemaster` VALUES
(1,'자유게시판','자유게시판','2023-11-29 17:24:53','2023-11-29 17:24:53'),
(2,'Q&A','Q&A','2023-11-29 17:24:53','2023-11-29 17:24:53'),
(3,'모임&스터디','모임&스터디','2023-11-29 17:24:53','2023-11-29 17:24:53');
/*!40000 ALTER TABLE `articlemaster` ENABLE KEYS */;
UNLOCK TABLES;

--
-- Table structure for table `chatlog`
--

DROP TABLE IF EXISTS `chatlog`;
/*!40101 SET @saved_cs_client     = @@character_set_client */;
/*!40101 SET character_set_client = utf8 */;
CREATE TABLE `chatlog` (
  `seq` int(11) NOT NULL AUTO_INCREMENT,
  `type` varchar(255) NOT NULL,
  `room_seq` int(11) NOT NULL,
  `msg` text DEFAULT NULL,
  `sender_seq` int(11) DEFAULT NULL,
  `created_at` timestamp NOT NULL DEFAULT current_timestamp(),
  PRIMARY KEY (`seq`)
) ENGINE=InnoDB AUTO_INCREMENT=2114 DEFAULT CHARSET=utf8mb4 COLLATE=utf8mb4_general_ci;
/*!40101 SET character_set_client = @saved_cs_client */;

--
-- Dumping data for table `chatlog`
--

LOCK TABLES `chatlog` WRITE;
/*!40000 ALTER TABLE `chatlog` DISABLE KEYS */;
INSERT INTO `chatlog` VALUES
(1,'enter',14,'티이모님이 입장하셨습니다.',1,'2023-11-09 12:03:09'),
(2,'leave',14,'티이모님이 방을 떠났습니다.',1,'2023-11-09 12:03:19'),
(3,'enter',19,'티이모님이 입장하셨습니다.',1,'2023-11-09 12:03:33'),
(4,'chat',19,'테스트1',1,'2023-11-09 12:04:08'),
(5,'chat',19,'ㅎㅇㅎㄴ',1,'2023-11-09 12:04:09'),
(6,'chat',19,'하가핸ㄹ',1,'2023-11-09 12:04:10'),
(7,'chat',19,'ㅏㄱ라',1,'2023-11-09 12:04:11'),
(8,'chat',19,'램ㄹ',1,'2023-11-09 12:04:11'),
(9,'chat',19,'ㅇ',1,'2023-11-09 12:04:11'),
(10,'chat',19,'ㅁㄴ',1,'2023-11-09 12:04:12'),
(11,'chat',19,'ㅇ',1,'2023-11-09 12:04:12'),
(12,'chat',19,'ㄹㄴ',1,'2023-11-09 12:04:13'),
(13,'chat',19,'ㄹ',1,'2023-11-09 12:04:13'),
(14,'chat',19,'ㅁㄴㅇ',1,'2023-11-09 12:04:13'),
(15,'chat',19,'ㄹ',1,'2023-11-09 12:04:13'),
(16,'chat',19,'ㄴㄹ',1,'2023-11-09 12:04:13'),
(17,'chat',19,'ㄴ',1,'2023-11-09 12:04:14'),
(18,'chat',19,'ㄴㅇㄹ',1,'2023-11-09 12:04:14'),
(19,'leave',19,'티이모님이 방을 떠났습니다.',1,'2023-11-09 12:04:48'),
(20,'enter',19,'티이모님이 입장하셨습니다.',1,'2023-11-09 12:04:53'),
(21,'enter',19,'귀여미님이 입장하셨습니다.',2,'2023-11-09 12:05:09'),
(22,'chat',19,'ㅎㅇ 반가워요',1,'2023-11-09 12:05:23'),
(23,'chat',19,'반갑습니다.',2,'2023-11-09 12:05:28'),
(24,'chat',19,'ㅎㅎ..',2,'2023-11-09 12:05:29'),
(25,'leave',19,'귀여미님이 방을 떠났습니다.',2,'2023-11-09 12:06:23'),
(26,'leave',19,'티이모님이 방을 떠났습니다.',1,'2023-11-09 12:06:23'),
(27,'enter',19,'귀여미님이 입장하셨습니다.',2,'2023-11-09 12:06:23'),
(28,'enter',19,'티이모님이 입장하셨습니다.',1,'2023-11-09 12:06:23'),
(29,'leave',19,'귀여미님이 방을 떠났습니다.',2,'2023-11-09 12:06:25'),
(30,'leave',19,'티이모님이 방을 떠났습니다.',1,'2023-11-09 12:06:25'),
(31,'enter',19,'티이모님이 입장하셨습니다.',1,'2023-11-09 12:06:38'),
(32,'enter',19,'귀여미님이 입장하셨습니다.',2,'2023-11-09 12:06:47'),
(33,'chat',19,'ㅎㅎ',1,'2023-11-09 12:06:50'),
(34,'chat',19,'ㅎㅎ',2,'2023-11-09 12:06:53'),
(35,'chat',19,'ㅎㅎ',1,'2023-11-09 12:06:55'),
(36,'chat',19,'ㅎㅎ',1,'2023-11-09 12:06:55'),
(37,'chat',19,'ㅎㅎ',1,'2023-11-09 12:06:55'),
(38,'chat',19,'ㅎㅎ',2,'2023-11-09 12:06:57'),
(39,'chat',19,'ㅎㅎ',2,'2023-11-09 12:06:57'),
(40,'chat',19,'ㅎ',2,'2023-11-09 12:06:57'),
(41,'enter',19,'귀여미님이 입장하셨습니다.',2,'2023-11-09 12:07:25'),
(42,'leave',19,'귀여미님이 방을 떠났습니다.',2,'2023-11-09 12:07:25'),
(43,'leave',19,'티이모님이 방을 떠났습니다.',1,'2023-11-09 12:07:25'),
(44,'enter',19,'티이모님이 입장하셨습니다.',1,'2023-11-09 12:07:25'),
(45,'chat',19,'gd',2,'2023-11-09 12:07:26'),
(46,'chat',19,'gd',2,'2023-11-09 12:07:27'),
(47,'chat',19,'gd',2,'2023-11-09 12:07:27'),
(48,'leave',19,'티이모님이 방을 떠났습니다.',1,'2023-11-09 12:08:26'),
(49,'leave',19,'귀여미님이 방을 떠났습니다.',2,'2023-11-09 12:08:26'),
(50,'enter',19,'티이모님이 입장하셨습니다.',1,'2023-11-09 12:08:26'),
(51,'enter',19,'귀여미님이 입장하셨습니다.',2,'2023-11-09 12:08:26'),
(52,'leave',19,'티이모님이 방을 떠났습니다.',1,'2023-11-09 12:08:56'),
(53,'leave',19,'귀여미님이 방을 떠났습니다.',2,'2023-11-09 12:08:57'),
(54,'enter',14,'티이모님이 입장하셨습니다.',1,'2023-11-09 12:09:06'),
(55,'enter',14,'귀여미님이 입장하셨습니다.',2,'2023-11-09 12:10:48'),
(56,'leave',14,'귀여미님이 방을 떠났습니다.',2,'2023-11-09 12:10:59'),
(57,'enter',14,'티이모님이 입장하셨습니다.',1,'2023-11-09 12:11:04'),
(58,'leave',14,'티이모님이 방을 떠났습니다.',1,'2023-11-09 12:11:09'),
(59,'leave',14,'티이모님이 방을 떠났습니다.',1,'2023-11-09 12:11:55'),
(60,'enter',14,'귀여미님이 입장하셨습니다.',2,'2023-11-09 12:11:55'),
(61,'enter',14,'티이모님이 입장하셨습니다.',1,'2023-11-09 12:11:55'),
(62,'leave',14,'티이모님이 방을 떠났습니다.',1,'2023-11-09 12:12:00'),
(63,'enter',14,'티이모님이 입장하셨습니다.',1,'2023-11-09 12:12:00'),
(64,'leave',14,'귀여미님이 방을 떠났습니다.',2,'2023-11-09 12:12:00'),
(65,'leave',14,'티이모님이 방을 떠났습니다.',1,'2023-11-09 12:18:09'),
(66,'enter',14,'귀여미님이 입장하셨습니다.',2,'2023-11-09 12:18:30'),
(67,'enter',14,'티이모님이 입장하셨습니다.',1,'2023-11-09 12:18:33'),
(68,'chat',14,'asd',2,'2023-11-09 12:19:36'),
(69,'leave',14,'귀여미님이 방을 떠났습니다.',2,'2023-11-09 12:19:37'),
(70,'enter',19,'귀여미님이 입장하셨습니다.',2,'2023-11-09 12:19:44'),
(71,'chat',19,'asd',2,'2023-11-09 12:19:45'),
(72,'chat',19,'qwe',2,'2023-11-09 12:19:46'),
(73,'leave',14,'티이모님이 방을 떠났습니다.',1,'2023-11-09 12:19:48'),
(74,'enter',19,'티이모님이 입장하셨습니다.',1,'2023-11-09 12:19:52'),
(75,'chat',19,'asd',1,'2023-11-09 12:19:54'),
(76,'chat',19,'xc',1,'2023-11-09 12:19:55'),
(77,'chat',19,'qwe',2,'2023-11-09 12:20:00'),
(78,'leave',19,'티이모님이 방을 떠났습니다.',1,'2023-11-09 12:20:33'),
(79,'enter',19,'티이모님이 입장하셨습니다.',1,'2023-11-09 12:20:33'),
(80,'leave',19,'귀여미님이 방을 떠났습니다.',2,'2023-11-09 12:20:33'),
(81,'enter',19,'귀여미님이 입장하셨습니다.',2,'2023-11-09 12:20:33'),
(82,'leave',19,'티이모님이 방을 떠났습니다.',1,'2023-11-09 12:20:38'),
(83,'leave',19,'귀여미님이 방을 떠났습니다.',2,'2023-11-09 12:20:38'),
(84,'enter',19,'귀여미님이 입장하셨습니다.',2,'2023-11-09 12:20:38'),
(85,'enter',19,'티이모님이 입장하셨습니다.',1,'2023-11-09 12:20:38'),
(86,'leave',19,'귀여미님이 방을 떠났습니다.',2,'2023-11-09 12:21:06'),
(87,'enter',19,'귀여미님이 입장하셨습니다.',2,'2023-11-09 12:21:06'),
(88,'leave',19,'티이모님이 방을 떠났습니다.',1,'2023-11-09 12:21:06'),
(89,'enter',19,'티이모님이 입장하셨습니다.',1,'2023-11-09 12:21:06'),
(90,'leave',19,'귀여미님이 방을 떠났습니다.',2,'2023-11-09 12:21:14'),
(91,'enter',19,'귀여미님이 입장하셨습니다.',2,'2023-11-09 12:21:14'),
(92,'leave',19,'티이모님이 방을 떠났습니다.',1,'2023-11-09 12:21:14'),
(93,'leave',19,'귀여미님이 방을 떠났습니다.',2,'2023-11-09 12:21:14'),
(94,'enter',19,'티이모님이 입장하셨습니다.',1,'2023-11-09 12:21:14'),
(95,'enter',19,'귀여미님이 입장하셨습니다.',2,'2023-11-09 12:21:26'),
(96,'leave',19,'귀여미님이 방을 떠났습니다.',2,'2023-11-09 12:21:54'),
(97,'enter',19,'귀여미님이 입장하셨습니다.',2,'2023-11-09 12:21:54'),
(98,'leave',19,'티이모님이 방을 떠났습니다.',1,'2023-11-09 12:21:54'),
(99,'enter',19,'티이모님이 입장하셨습니다.',1,'2023-11-09 12:21:54'),
(100,'chat',19,'qwe',2,'2023-11-09 12:22:03'),
(101,'chat',19,'as',2,'2023-11-09 12:22:03'),
(102,'chat',19,'gg',1,'2023-11-09 12:22:06'),
(103,'leave',19,'티이모님이 방을 떠났습니다.',1,'2023-11-09 12:22:10'),
(104,'enter',19,'티이모님이 입장하셨습니다.',1,'2023-11-09 12:22:14'),
(105,'leave',19,'귀여미님이 방을 떠났습니다.',2,'2023-11-09 12:22:18'),
(106,'leave',19,'티이모님이 방을 떠났습니다.',1,'2023-11-09 12:22:36'),
(107,'enter',14,'티이모님이 입장하셨습니다.',1,'2023-11-09 12:22:40'),
(108,'chat',14,'ㅂㅈㄷ',1,'2023-11-09 12:23:37'),
(109,'chat',14,'ㅁㄴㅇ',1,'2023-11-09 12:23:38'),
(110,'chat',14,'ㅊㅌ',1,'2023-11-09 12:23:38'),
(111,'leave',14,'티이모님이 방을 떠났습니다.',1,'2023-11-09 12:24:46'),
(112,'enter',14,'티이모님이 입장하셨습니다.',1,'2023-11-09 12:24:46'),
(113,'leave',14,'티이모님이 방을 떠났습니다.',1,'2023-11-09 12:24:49'),
(114,'enter',14,'티이모님이 입장하셨습니다.',1,'2023-11-09 12:24:49'),
(115,'enter',14,'귀여미님이 입장하셨습니다.',2,'2023-11-09 12:25:09'),
(116,'chat',14,'ㅎㅎ',1,'2023-11-09 12:25:11'),
(117,'chat',14,'ㅎ',2,'2023-11-09 12:25:13'),
(118,'chat',14,'ㅈㄷㄱ',2,'2023-11-09 12:25:14'),
(119,'chat',14,'ㅈㄷ',2,'2023-11-09 12:25:14'),
(120,'chat',14,'ㄴㅇㄹ',2,'2023-11-09 12:25:15'),
(121,'chat',14,'ㅎㅎ',2,'2023-11-09 12:25:35'),
(122,'chat',14,'ㅎㅎ',2,'2023-11-09 12:26:03'),
(123,'enter',19,'티이모님이 입장하셨습니다.',1,'2023-11-10 05:06:50'),
(124,'leave',19,'티이모님이 방을 떠났습니다.',1,'2023-11-10 05:07:50'),
(125,'enter',13,'티이모님이 입장하셨습니다.',1,'2023-11-10 05:07:51'),
(126,'leave',13,'티이모님이 방을 떠났습니다.',1,'2023-11-10 05:07:57'),
(127,'enter',19,'티이모님이 입장하셨습니다.',1,'2023-11-10 05:08:23'),
(128,'leave',19,'티이모님이 방을 떠났습니다.',1,'2023-11-10 05:08:43'),
(129,'enter',19,'티이모님이 입장하셨습니다.',1,'2023-11-10 05:08:43'),
(130,'leave',19,'티이모님이 방을 떠났습니다.',1,'2023-11-10 05:08:48'),
(131,'enter',14,'티이모님이 입장하셨습니다.',1,'2023-11-10 05:08:49'),
(132,'leave',14,'티이모님이 방을 떠났습니다.',1,'2023-11-10 05:08:52'),
(133,'enter',19,'티이모님이 입장하셨습니다.',1,'2023-11-10 05:09:36'),
(134,'leave',19,'티이모님이 방을 떠났습니다.',1,'2023-11-10 05:09:36'),
(135,'enter',19,'티이모님이 입장하셨습니다.',1,'2023-11-10 05:09:51'),
(136,'leave',19,'티이모님이 방을 떠났습니다.',1,'2023-11-10 05:09:52'),
(137,'enter',19,'티이모님이 입장하셨습니다.',1,'2023-11-10 05:09:54'),
(138,'leave',19,'티이모님이 방을 떠났습니다.',1,'2023-11-10 05:10:22'),
(139,'enter',19,'티이모님이 입장하셨습니다.',1,'2023-11-10 05:10:22'),
(140,'leave',19,'티이모님이 방을 떠났습니다.',1,'2023-11-10 05:10:27'),
(141,'enter',19,'티이모님이 입장하셨습니다.',1,'2023-11-10 05:10:27'),
(142,'leave',19,'티이모님이 방을 떠났습니다.',1,'2023-11-10 05:10:33'),
(143,'enter',19,'티이모님이 입장하셨습니다.',1,'2023-11-10 05:10:33'),
(144,'leave',19,'티이모님이 방을 떠났습니다.',1,'2023-11-10 05:10:48'),
(145,'enter',19,'티이모님이 입장하셨습니다.',1,'2023-11-10 05:10:48'),
(146,'leave',19,'티이모님이 방을 떠났습니다.',1,'2023-11-10 05:10:53'),
(147,'enter',19,'티이모님이 입장하셨습니다.',1,'2023-11-10 05:10:54'),
(148,'leave',19,'티이모님이 방을 떠났습니다.',1,'2023-11-10 05:11:02'),
(149,'enter',19,'티이모님이 입장하셨습니다.',1,'2023-11-10 05:11:02'),
(150,'leave',19,'티이모님이 방을 떠났습니다.',1,'2023-11-10 05:27:16'),
(151,'enter',19,'티이모님이 입장하셨습니다.',1,'2023-11-10 05:27:16'),
(152,'leave',19,'티이모님이 방을 떠났습니다.',1,'2023-11-10 05:27:33'),
(153,'enter',19,'티이모님이 입장하셨습니다.',1,'2023-11-10 05:27:33'),
(154,'leave',19,'티이모님이 방을 떠났습니다.',1,'2023-11-10 05:27:43'),
(155,'enter',19,'티이모님이 입장하셨습니다.',1,'2023-11-10 05:27:43'),
(156,'leave',19,'티이모님이 방을 떠났습니다.',1,'2023-11-10 05:27:52'),
(157,'enter',19,'티이모님이 입장하셨습니다.',1,'2023-11-10 05:27:52'),
(158,'leave',19,'티이모님이 방을 떠났습니다.',1,'2023-11-10 05:27:54'),
(159,'enter',19,'티이모님이 입장하셨습니다.',1,'2023-11-10 05:27:55'),
(160,'leave',19,'티이모님이 방을 떠났습니다.',1,'2023-11-10 05:28:14'),
(161,'enter',19,'티이모님이 입장하셨습니다.',1,'2023-11-10 05:28:14'),
(162,'leave',19,'티이모님이 방을 떠났습니다.',1,'2023-11-10 05:28:18'),
(163,'enter',19,'티이모님이 입장하셨습니다.',1,'2023-11-10 05:28:19'),
(164,'leave',19,'티이모님이 방을 떠났습니다.',1,'2023-11-10 05:28:48'),
(165,'enter',19,'티이모님이 입장하셨습니다.',1,'2023-11-10 05:28:48'),
(166,'leave',19,'티이모님이 방을 떠났습니다.',1,'2023-11-10 05:28:52'),
(167,'enter',19,'티이모님이 입장하셨습니다.',1,'2023-11-10 05:28:52'),
(168,'leave',19,'티이모님이 방을 떠났습니다.',1,'2023-11-10 05:28:55'),
(169,'enter',19,'티이모님이 입장하셨습니다.',1,'2023-11-10 05:28:55'),
(170,'leave',19,'티이모님이 방을 떠났습니다.',1,'2023-11-10 05:28:59'),
(171,'enter',19,'티이모님이 입장하셨습니다.',1,'2023-11-10 05:28:59'),
(172,'leave',19,'티이모님이 방을 떠났습니다.',1,'2023-11-10 05:29:15'),
(173,'enter',19,'티이모님이 입장하셨습니다.',1,'2023-11-10 05:29:15'),
(174,'leave',19,'티이모님이 방을 떠났습니다.',1,'2023-11-10 06:29:33'),
(175,'enter',19,'티이모님이 입장하셨습니다.',1,'2023-11-10 06:30:54'),
(176,'leave',19,'티이모님이 방을 떠났습니다.',1,'2023-11-10 06:35:08'),
(177,'enter',19,'티이모님이 입장하셨습니다.',1,'2023-11-10 06:35:08'),
(178,'leave',19,'티이모님이 방을 떠났습니다.',1,'2023-11-10 06:35:09'),
(179,'enter',19,'티이모님이 입장하셨습니다.',1,'2023-11-10 06:35:55'),
(180,'leave',19,'티이모님이 방을 떠났습니다.',1,'2023-11-10 06:36:26'),
(181,'enter',19,'티이모님이 입장하셨습니다.',1,'2023-11-10 06:36:26'),
(182,'leave',19,'티이모님이 방을 떠났습니다.',1,'2023-11-10 06:36:36'),
(183,'enter',19,'티이모님이 입장하셨습니다.',1,'2023-11-10 06:36:36'),
(184,'leave',19,'티이모님이 방을 떠났습니다.',1,'2023-11-10 06:36:52'),
(185,'enter',19,'티이모님이 입장하셨습니다.',1,'2023-11-10 06:36:52'),
(186,'leave',19,'티이모님이 방을 떠났습니다.',1,'2023-11-10 06:37:07'),
(187,'enter',19,'티이모님이 입장하셨습니다.',1,'2023-11-10 06:37:07'),
(188,'leave',19,'티이모님이 방을 떠났습니다.',1,'2023-11-10 06:37:14'),
(189,'enter',19,'티이모님이 입장하셨습니다.',1,'2023-11-10 06:37:14'),
(190,'leave',19,'티이모님이 방을 떠났습니다.',1,'2023-11-10 06:37:15'),
(191,'enter',19,'티이모님이 입장하셨습니다.',1,'2023-11-10 06:37:18'),
(192,'leave',19,'티이모님이 방을 떠났습니다.',1,'2023-11-10 06:37:51'),
(193,'enter',19,'티이모님이 입장하셨습니다.',1,'2023-11-10 06:37:51'),
(194,'leave',19,'티이모님이 방을 떠났습니다.',1,'2023-11-10 06:37:58'),
(195,'enter',19,'티이모님이 입장하셨습니다.',1,'2023-11-10 06:41:13'),
(196,'leave',19,'티이모님이 방을 떠났습니다.',1,'2023-11-10 06:41:30'),
(197,'enter',19,'티이모님이 입장하셨습니다.',1,'2023-11-10 06:41:30'),
(198,'leave',19,'티이모님이 방을 떠났습니다.',1,'2023-11-10 06:41:41'),
(199,'enter',19,'티이모님이 입장하셨습니다.',1,'2023-11-10 06:41:41'),
(200,'leave',19,'티이모님이 방을 떠났습니다.',1,'2023-11-10 06:41:46'),
(201,'enter',19,'티이모님이 입장하셨습니다.',1,'2023-11-10 06:41:46'),
(202,'leave',19,'티이모님이 방을 떠났습니다.',1,'2023-11-10 06:41:50'),
(203,'enter',19,'티이모님이 입장하셨습니다.',1,'2023-11-10 06:41:50'),
(204,'leave',19,'티이모님이 방을 떠났습니다.',1,'2023-11-10 06:41:53'),
(205,'enter',19,'티이모님이 입장하셨습니다.',1,'2023-11-10 06:41:53'),
(206,'leave',19,'티이모님이 방을 떠났습니다.',1,'2023-11-10 06:42:26'),
(207,'enter',19,'티이모님이 입장하셨습니다.',1,'2023-11-10 06:42:26'),
(208,'leave',19,'티이모님이 방을 떠났습니다.',1,'2023-11-10 06:42:28'),
(209,'enter',19,'티이모님이 입장하셨습니다.',1,'2023-11-10 06:42:28'),
(210,'leave',19,'티이모님이 방을 떠났습니다.',1,'2023-11-10 06:43:51'),
(211,'enter',19,'티이모님이 입장하셨습니다.',1,'2023-11-10 06:43:51'),
(212,'leave',19,'티이모님이 방을 떠났습니다.',1,'2023-11-10 06:44:04'),
(213,'enter',19,'티이모님이 입장하셨습니다.',1,'2023-11-10 06:44:04'),
(214,'leave',19,'티이모님이 방을 떠났습니다.',1,'2023-11-10 06:45:51'),
(215,'enter',19,'티이모님이 입장하셨습니다.',1,'2023-11-10 06:45:51'),
(216,'leave',19,'티이모님이 방을 떠났습니다.',1,'2023-11-10 06:46:46'),
(217,'enter',19,'티이모님이 입장하셨습니다.',1,'2023-11-10 06:46:46'),
(218,'leave',19,'티이모님이 방을 떠났습니다.',1,'2023-11-10 06:46:59'),
(219,'enter',19,'티이모님이 입장하셨습니다.',1,'2023-11-10 06:47:00'),
(220,'leave',19,'티이모님이 방을 떠났습니다.',1,'2023-11-10 06:47:12'),
(221,'enter',19,'티이모님이 입장하셨습니다.',1,'2023-11-10 06:47:14'),
(222,'leave',19,'티이모님이 방을 떠났습니다.',1,'2023-11-10 06:49:34'),
(223,'enter',19,'티이모님이 입장하셨습니다.',1,'2023-11-10 07:03:35'),
(224,'leave',19,'티이모님이 방을 떠났습니다.',1,'2023-11-10 07:03:38'),
(225,'enter',19,'티이모님이 입장하셨습니다.',1,'2023-11-10 07:05:09'),
(226,'leave',19,'티이모님이 방을 떠났습니다.',1,'2023-11-10 07:05:11'),
(227,'enter',19,'티이모님이 입장하셨습니다.',1,'2023-11-10 07:05:36'),
(228,'leave',19,'티이모님이 방을 떠났습니다.',1,'2023-11-10 07:07:51'),
(229,'enter',19,'티이모님이 입장하셨습니다.',1,'2023-11-10 07:07:51'),
(230,'leave',19,'티이모님이 방을 떠났습니다.',1,'2023-11-10 07:08:11'),
(231,'enter',19,'티이모님이 입장하셨습니다.',1,'2023-11-10 07:08:11'),
(232,'leave',19,'티이모님이 방을 떠났습니다.',1,'2023-11-10 07:08:11'),
(233,'enter',19,'티이모님이 입장하셨습니다.',1,'2023-11-10 07:08:24'),
(234,'leave',19,'티이모님이 방을 떠났습니다.',1,'2023-11-10 07:08:28'),
(235,'enter',19,'티이모님이 입장하셨습니다.',1,'2023-11-10 07:08:28'),
(236,'leave',19,'티이모님이 방을 떠났습니다.',1,'2023-11-10 07:08:46'),
(237,'enter',19,'티이모님이 입장하셨습니다.',1,'2023-11-10 07:08:46'),
(238,'leave',19,'티이모님이 방을 떠났습니다.',1,'2023-11-10 07:08:53'),
(239,'enter',19,'티이모님이 입장하셨습니다.',1,'2023-11-10 07:08:54'),
(240,'leave',19,'티이모님이 방을 떠났습니다.',1,'2023-11-10 07:12:58'),
(241,'enter',19,'티이모님이 입장하셨습니다.',1,'2023-11-10 07:12:58'),
(242,'leave',19,'티이모님이 방을 떠났습니다.',1,'2023-11-10 07:13:04'),
(243,'enter',19,'티이모님이 입장하셨습니다.',1,'2023-11-10 07:13:04'),
(244,'leave',19,'티이모님이 방을 떠났습니다.',1,'2023-11-10 07:13:10'),
(245,'enter',19,'티이모님이 입장하셨습니다.',1,'2023-11-10 07:13:10'),
(246,'leave',19,'티이모님이 방을 떠났습니다.',1,'2023-11-10 07:13:37'),
(247,'enter',19,'티이모님이 입장하셨습니다.',1,'2023-11-10 07:13:38'),
(248,'leave',19,'티이모님이 방을 떠났습니다.',1,'2023-11-10 07:13:44'),
(249,'enter',19,'티이모님이 입장하셨습니다.',1,'2023-11-10 07:13:44'),
(250,'leave',19,'티이모님이 방을 떠났습니다.',1,'2023-11-10 07:13:49'),
(251,'enter',19,'티이모님이 입장하셨습니다.',1,'2023-11-10 07:13:50'),
(252,'leave',19,'티이모님이 방을 떠났습니다.',1,'2023-11-10 07:14:15'),
(253,'enter',19,'티이모님이 입장하셨습니다.',1,'2023-11-10 07:14:15'),
(254,'leave',19,'티이모님이 방을 떠났습니다.',1,'2023-11-10 07:14:18'),
(255,'enter',19,'티이모님이 입장하셨습니다.',1,'2023-11-10 07:14:18'),
(256,'leave',19,'티이모님이 방을 떠났습니다.',1,'2023-11-10 07:17:24'),
(257,'enter',19,'티이모님이 입장하셨습니다.',1,'2023-11-10 07:17:25'),
(258,'enter',19,'티이모님이 입장하셨습니다.',1,'2023-11-10 07:17:25'),
(259,'leave',19,'티이모님이 방을 떠났습니다.',1,'2023-11-10 07:17:25'),
(260,'leave',19,'티이모님이 방을 떠났습니다.',1,'2023-11-10 07:17:26'),
(261,'leave',19,'티이모님이 방을 떠났습니다.',1,'2023-11-10 07:17:26'),
(262,'enter',14,'티이모님이 입장하셨습니다.',1,'2023-11-10 07:24:57'),
(263,'leave',14,'티이모님이 방을 떠났습니다.',1,'2023-11-10 07:25:15'),
(264,'enter',19,'티이모님이 입장하셨습니다.',1,'2023-11-10 07:25:18'),
(265,'leave',19,'티이모님이 방을 떠났습니다.',1,'2023-11-10 07:26:05'),
(266,'enter',19,'티이모님이 입장하셨습니다.',1,'2023-11-10 07:26:05'),
(267,'leave',19,'티이모님이 방을 떠났습니다.',1,'2023-11-10 07:26:07'),
(268,'enter',19,'티이모님이 입장하셨습니다.',1,'2023-11-10 07:26:09'),
(269,'leave',19,'티이모님이 방을 떠났습니다.',1,'2023-11-10 07:31:23'),
(270,'enter',19,'티이모님이 입장하셨습니다.',1,'2023-11-10 07:31:25'),
(271,'leave',19,'티이모님이 방을 떠났습니다.',1,'2023-11-10 07:31:34'),
(272,'enter',19,'티이모님이 입장하셨습니다.',1,'2023-11-10 07:31:38'),
(273,'leave',19,'티이모님이 방을 떠났습니다.',1,'2023-11-10 07:32:08'),
(274,'enter',19,'티이모님이 입장하셨습니다.',1,'2023-11-10 07:32:11'),
(275,'leave',19,'티이모님이 방을 떠났습니다.',1,'2023-11-10 07:32:32'),
(276,'enter',19,'티이모님이 입장하셨습니다.',1,'2023-11-10 07:32:32'),
(277,'leave',19,'티이모님이 방을 떠났습니다.',1,'2023-11-10 07:32:41'),
(278,'enter',19,'티이모님이 입장하셨습니다.',1,'2023-11-10 07:32:44'),
(279,'leave',19,'티이모님이 방을 떠났습니다.',1,'2023-11-10 07:33:16'),
(280,'enter',19,'티이모님이 입장하셨습니다.',1,'2023-11-10 07:33:16'),
(281,'leave',19,'티이모님이 방을 떠났습니다.',1,'2023-11-10 07:33:17'),
(282,'enter',19,'티이모님이 입장하셨습니다.',1,'2023-11-10 07:33:22'),
(283,'leave',19,'티이모님이 방을 떠났습니다.',1,'2023-11-10 07:33:29'),
(284,'enter',14,'티이모님이 입장하셨습니다.',1,'2023-11-10 07:33:33'),
(285,'leave',14,'티이모님이 방을 떠났습니다.',1,'2023-11-10 07:34:30'),
(286,'enter',19,'티이모님이 입장하셨습니다.',1,'2023-11-10 07:34:35'),
(287,'leave',19,'티이모님이 방을 떠났습니다.',1,'2023-11-10 07:35:49'),
(288,'enter',19,'티이모님이 입장하셨습니다.',1,'2023-11-10 07:35:53'),
(289,'leave',19,'티이모님이 방을 떠났습니다.',1,'2023-11-10 07:38:33'),
(290,'enter',19,'티이모님이 입장하셨습니다.',1,'2023-11-10 07:38:36'),
(291,'leave',19,'티이모님이 방을 떠났습니다.',1,'2023-11-10 07:38:42'),
(292,'enter',19,'티이모님이 입장하셨습니다.',1,'2023-11-10 07:38:45'),
(293,'leave',19,'티이모님이 방을 떠났습니다.',1,'2023-11-10 07:39:02'),
(294,'enter',19,'티이모님이 입장하셨습니다.',1,'2023-11-10 07:39:05'),
(295,'leave',19,'티이모님이 방을 떠났습니다.',1,'2023-11-10 07:39:54'),
(296,'enter',19,'티이모님이 입장하셨습니다.',1,'2023-11-10 07:39:58'),
(297,'leave',19,'티이모님이 방을 떠났습니다.',1,'2023-11-10 07:42:05'),
(298,'enter',19,'티이모님이 입장하셨습니다.',1,'2023-11-10 07:47:01'),
(299,'leave',19,'티이모님이 방을 떠났습니다.',1,'2023-11-10 07:47:35'),
(300,'enter',19,'티이모님이 입장하셨습니다.',1,'2023-11-10 07:47:38'),
(301,'leave',19,'티이모님이 방을 떠났습니다.',1,'2023-11-10 07:47:52'),
(302,'enter',19,'티이모님이 입장하셨습니다.',1,'2023-11-10 07:47:56'),
(303,'leave',19,'티이모님이 방을 떠났습니다.',1,'2023-11-10 07:51:43'),
(304,'enter',19,'티이모님이 입장하셨습니다.',1,'2023-11-10 07:51:45'),
(305,'leave',19,'티이모님이 방을 떠났습니다.',1,'2023-11-10 07:52:09'),
(306,'enter',19,'티이모님이 입장하셨습니다.',1,'2023-11-10 07:52:12'),
(307,'leave',19,'티이모님이 방을 떠났습니다.',1,'2023-11-10 08:23:51'),
(308,'enter',19,'티이모님이 입장하셨습니다.',1,'2023-11-10 08:23:54'),
(309,'leave',19,'티이모님이 방을 떠났습니다.',1,'2023-11-10 08:25:49'),
(310,'enter',19,'티이모님이 입장하셨습니다.',1,'2023-11-10 08:25:51'),
(311,'leave',19,'티이모님이 방을 떠났습니다.',1,'2023-11-10 08:26:19'),
(312,'enter',19,'티이모님이 입장하셨습니다.',1,'2023-11-10 08:26:22'),
(313,'leave',19,'티이모님이 방을 떠났습니다.',1,'2023-11-10 08:28:12'),
(314,'enter',19,'티이모님이 입장하셨습니다.',1,'2023-11-10 08:28:16'),
(315,'leave',19,'티이모님이 방을 떠났습니다.',1,'2023-11-10 09:31:13'),
(316,'enter',19,'티이모님이 입장하셨습니다.',1,'2023-11-10 10:18:29'),
(317,'leave',19,'티이모님이 방을 떠났습니다.',1,'2023-11-10 10:19:56'),
(318,'enter',19,'티이모님이 입장하셨습니다.',1,'2023-11-10 10:20:08'),
(319,'leave',19,'티이모님이 방을 떠났습니다.',1,'2023-11-10 10:22:16'),
(320,'enter',19,'티이모님이 입장하셨습니다.',1,'2023-11-10 10:22:16'),
(321,'leave',19,'티이모님이 방을 떠났습니다.',1,'2023-11-10 10:24:52'),
(322,'enter',19,'티이모님이 입장하셨습니다.',1,'2023-11-10 10:25:22'),
(323,'chat',19,'ㅎㅎ',1,'2023-11-10 10:25:39'),
(324,'leave',19,'티이모님이 방을 떠났습니다.',1,'2023-11-10 10:26:02'),
(325,'enter',19,'티이모님이 입장하셨습니다.',1,'2023-11-10 10:26:02'),
(326,'leave',19,'티이모님이 방을 떠났습니다.',1,'2023-11-10 10:26:22'),
(327,'enter',19,'티이모님이 입장하셨습니다.',1,'2023-11-10 10:26:22'),
(328,'leave',19,'티이모님이 방을 떠났습니다.',1,'2023-11-10 10:26:58'),
(329,'enter',19,'티이모님이 입장하셨습니다.',1,'2023-11-10 10:26:58'),
(330,'leave',19,'티이모님이 방을 떠났습니다.',1,'2023-11-10 10:27:08'),
(331,'enter',19,'티이모님이 입장하셨습니다.',1,'2023-11-10 10:27:08'),
(332,'leave',19,'티이모님이 방을 떠났습니다.',1,'2023-11-10 10:29:19'),
(333,'enter',19,'티이모님이 입장하셨습니다.',1,'2023-11-10 10:29:19'),
(334,'leave',19,'티이모님이 방을 떠났습니다.',1,'2023-11-10 10:29:24'),
(335,'enter',19,'티이모님이 입장하셨습니다.',1,'2023-11-10 10:29:24'),
(336,'leave',19,'티이모님이 방을 떠났습니다.',1,'2023-11-10 10:29:31'),
(337,'enter',19,'티이모님이 입장하셨습니다.',1,'2023-11-10 10:29:31'),
(338,'leave',19,'티이모님이 방을 떠났습니다.',1,'2023-11-10 10:29:37'),
(339,'enter',19,'티이모님이 입장하셨습니다.',1,'2023-11-10 10:29:39'),
(340,'leave',19,'티이모님이 방을 떠났습니다.',1,'2023-11-10 10:29:50'),
(341,'enter',19,'티이모님이 입장하셨습니다.',1,'2023-11-10 10:29:50'),
(342,'leave',19,'티이모님이 방을 떠났습니다.',1,'2023-11-10 10:36:29'),
(343,'enter',19,'티이모님이 입장하셨습니다.',1,'2023-11-10 10:36:29'),
(344,'leave',19,'티이모님이 방을 떠났습니다.',1,'2023-11-10 10:39:35'),
(345,'enter',19,'티이모님이 입장하셨습니다.',1,'2023-11-10 10:39:42'),
(346,'leave',19,'티이모님이 방을 떠났습니다.',1,'2023-11-10 10:41:08'),
(347,'enter',19,'티이모님이 입장하셨습니다.',1,'2023-11-10 10:41:08'),
(348,'leave',19,'티이모님이 방을 떠났습니다.',1,'2023-11-10 10:42:30'),
(349,'enter',19,'티이모님이 입장하셨습니다.',1,'2023-11-10 10:42:30'),
(350,'leave',19,'티이모님이 방을 떠났습니다.',1,'2023-11-10 10:44:05'),
(351,'enter',19,'티이모님이 입장하셨습니다.',1,'2023-11-10 10:44:05'),
(352,'leave',19,'티이모님이 방을 떠났습니다.',1,'2023-11-10 10:44:07'),
(353,'enter',19,'티이모님이 입장하셨습니다.',1,'2023-11-10 10:44:08'),
(354,'leave',19,'티이모님이 방을 떠났습니다.',1,'2023-11-10 10:44:38'),
(355,'enter',19,'티이모님이 입장하셨습니다.',1,'2023-11-10 10:44:38'),
(356,'leave',19,'티이모님이 방을 떠났습니다.',1,'2023-11-10 10:46:21'),
(357,'enter',19,'티이모님이 입장하셨습니다.',1,'2023-11-10 10:46:21'),
(358,'leave',19,'티이모님이 방을 떠났습니다.',1,'2023-11-10 10:46:23'),
(359,'enter',19,'티이모님이 입장하셨습니다.',1,'2023-11-10 10:46:24'),
(360,'leave',19,'티이모님이 방을 떠났습니다.',1,'2023-11-10 10:47:40'),
(361,'enter',19,'티이모님이 입장하셨습니다.',1,'2023-11-10 10:47:40'),
(362,'leave',19,'티이모님이 방을 떠났습니다.',1,'2023-11-10 10:56:30'),
(363,'enter',19,'티이모님이 입장하셨습니다.',1,'2023-11-10 10:56:31'),
(364,'enter',19,'티이모님이 입장하셨습니다.',1,'2023-11-10 10:56:31'),
(365,'enter',19,'티이모님이 입장하셨습니다.',1,'2023-11-10 10:56:31'),
(366,'enter',19,'티이모님이 입장하셨습니다.',1,'2023-11-10 10:56:31'),
(367,'enter',19,'티이모님이 입장하셨습니다.',1,'2023-11-10 10:56:31'),
(368,'leave',19,'티이모님이 방을 떠났습니다.',1,'2023-11-10 10:56:32'),
(369,'leave',19,'티이모님이 방을 떠났습니다.',1,'2023-11-10 10:56:32'),
(370,'leave',19,'티이모님이 방을 떠났습니다.',1,'2023-11-10 10:56:32'),
(371,'enter',19,'티이모님이 입장하셨습니다.',1,'2023-11-10 10:56:34'),
(372,'leave',19,'티이모님이 방을 떠났습니다.',1,'2023-11-10 11:00:23'),
(373,'enter',19,'티이모님이 입장하셨습니다.',1,'2023-11-10 11:00:29'),
(374,'leave',19,'티이모님이 방을 떠났습니다.',1,'2023-11-10 11:03:51'),
(375,'enter',19,'티이모님이 입장하셨습니다.',1,'2023-11-10 11:03:54'),
(376,'enter',19,'티이모님이 입장하셨습니다.',1,'2023-11-10 11:04:50'),
(377,'leave',19,'티이모님이 방을 떠났습니다.',1,'2023-11-10 11:04:52'),
(378,'leave',19,'티이모님이 방을 떠났습니다.',1,'2023-11-10 11:05:35'),
(379,'enter',19,'티이모님이 입장하셨습니다.',1,'2023-11-10 11:05:35'),
(380,'leave',19,'티이모님이 방을 떠났습니다.',1,'2023-11-10 11:11:33'),
(381,'enter',19,'티이모님이 입장하셨습니다.',1,'2023-11-10 11:11:33'),
(382,'enter',19,'티이모님이 입장하셨습니다.',1,'2023-11-10 11:11:33'),
(383,'leave',19,'티이모님이 방을 떠났습니다.',1,'2023-11-10 11:11:34'),
(384,'leave',19,'티이모님이 방을 떠났습니다.',1,'2023-11-10 11:11:34'),
(385,'enter',19,'티이모님이 입장하셨습니다.',1,'2023-11-10 11:11:38'),
(386,'leave',19,'티이모님이 방을 떠났습니다.',1,'2023-11-10 11:11:56'),
(387,'enter',19,'티이모님이 입장하셨습니다.',1,'2023-11-10 11:11:56'),
(388,'leave',19,'티이모님이 방을 떠났습니다.',1,'2023-11-10 11:12:10'),
(389,'enter',19,'티이모님이 입장하셨습니다.',1,'2023-11-10 11:12:10'),
(390,'leave',19,'티이모님이 방을 떠났습니다.',1,'2023-11-10 11:13:19'),
(391,'enter',19,'티이모님이 입장하셨습니다.',1,'2023-11-10 11:13:19'),
(392,'leave',19,'티이모님이 방을 떠났습니다.',1,'2023-11-10 11:13:20'),
(393,'enter',19,'티이모님이 입장하셨습니다.',1,'2023-11-10 11:13:26'),
(394,'leave',19,'티이모님이 방을 떠났습니다.',1,'2023-11-10 11:14:10'),
(395,'enter',19,'티이모님이 입장하셨습니다.',1,'2023-11-10 11:14:11'),
(396,'leave',19,'티이모님이 방을 떠났습니다.',1,'2023-11-10 11:14:33'),
(397,'enter',19,'티이모님이 입장하셨습니다.',1,'2023-11-10 11:14:33'),
(398,'leave',19,'티이모님이 방을 떠났습니다.',1,'2023-11-10 11:15:31'),
(399,'enter',19,'티이모님이 입장하셨습니다.',1,'2023-11-10 11:15:34'),
(400,'leave',19,'티이모님이 방을 떠났습니다.',1,'2023-11-10 11:16:02'),
(401,'enter',19,'티이모님이 입장하셨습니다.',1,'2023-11-10 11:16:02'),
(402,'leave',19,'티이모님이 방을 떠났습니다.',1,'2023-11-10 11:16:10'),
(403,'enter',19,'티이모님이 입장하셨습니다.',1,'2023-11-10 11:16:10'),
(404,'leave',19,'티이모님이 방을 떠났습니다.',1,'2023-11-10 11:16:18'),
(405,'enter',19,'티이모님이 입장하셨습니다.',1,'2023-11-10 11:16:18'),
(406,'leave',19,'티이모님이 방을 떠났습니다.',1,'2023-11-10 11:17:13'),
(407,'enter',19,'티이모님이 입장하셨습니다.',1,'2023-11-10 11:17:13'),
(408,'leave',19,'티이모님이 방을 떠났습니다.',1,'2023-11-10 11:19:16'),
(409,'enter',19,'티이모님이 입장하셨습니다.',1,'2023-11-10 11:19:16'),
(410,'leave',19,'티이모님이 방을 떠났습니다.',1,'2023-11-10 11:19:24'),
(411,'enter',19,'티이모님이 입장하셨습니다.',1,'2023-11-10 11:19:24'),
(412,'leave',19,'티이모님이 방을 떠났습니다.',1,'2023-11-10 11:19:33'),
(413,'enter',19,'티이모님이 입장하셨습니다.',1,'2023-11-10 11:19:33'),
(414,'leave',19,'티이모님이 방을 떠났습니다.',1,'2023-11-10 11:22:12'),
(415,'enter',19,'티이모님이 입장하셨습니다.',1,'2023-11-10 11:22:13'),
(416,'leave',19,'티이모님이 방을 떠났습니다.',1,'2023-11-10 11:22:37'),
(417,'enter',19,'티이모님이 입장하셨습니다.',1,'2023-11-10 11:22:38'),
(418,'leave',19,'티이모님이 방을 떠났습니다.',1,'2023-11-10 11:23:51'),
(419,'enter',19,'티이모님이 입장하셨습니다.',1,'2023-11-10 11:23:51'),
(420,'leave',19,'티이모님이 방을 떠났습니다.',1,'2023-11-10 11:23:51'),
(421,'leave',19,'티이모님이 방을 떠났습니다.',1,'2023-11-10 11:23:51'),
(422,'enter',19,'티이모님이 입장하셨습니다.',1,'2023-11-10 11:24:38'),
(423,'leave',19,'티이모님이 방을 떠났습니다.',1,'2023-11-10 11:25:04'),
(424,'enter',19,'티이모님이 입장하셨습니다.',1,'2023-11-10 11:25:04'),
(425,'leave',19,'티이모님이 방을 떠났습니다.',1,'2023-11-10 11:25:05'),
(426,'enter',19,'티이모님이 입장하셨습니다.',1,'2023-11-10 11:27:14'),
(427,'enter',19,'티이모님이 입장하셨습니다.',1,'2023-11-10 11:27:14'),
(428,'leave',19,'티이모님이 방을 떠났습니다.',1,'2023-11-10 11:27:15'),
(429,'leave',19,'티이모님이 방을 떠났습니다.',1,'2023-11-10 11:27:39'),
(430,'enter',19,'티이모님이 입장하셨습니다.',1,'2023-11-10 11:27:39'),
(431,'leave',19,'티이모님이 방을 떠났습니다.',1,'2023-11-10 11:27:43'),
(432,'enter',19,'티이모님이 입장하셨습니다.',1,'2023-11-10 11:27:43'),
(433,'leave',19,'티이모님이 방을 떠났습니다.',1,'2023-11-10 11:27:45'),
(434,'enter',19,'티이모님이 입장하셨습니다.',1,'2023-11-10 11:27:45'),
(435,'leave',19,'티이모님이 방을 떠났습니다.',1,'2023-11-10 11:27:59'),
(436,'enter',19,'티이모님이 입장하셨습니다.',1,'2023-11-10 11:27:59'),
(437,'leave',19,'티이모님이 방을 떠났습니다.',1,'2023-11-10 11:29:15'),
(438,'enter',19,'티이모님이 입장하셨습니다.',1,'2023-11-10 11:29:15'),
(439,'leave',19,'티이모님이 방을 떠났습니다.',1,'2023-11-10 11:29:16'),
(440,'enter',19,'티이모님이 입장하셨습니다.',1,'2023-11-10 11:29:18'),
(441,'leave',19,'티이모님이 방을 떠났습니다.',1,'2023-11-10 11:29:35'),
(442,'enter',19,'티이모님이 입장하셨습니다.',1,'2023-11-10 11:29:35'),
(443,'leave',19,'티이모님이 방을 떠났습니다.',1,'2023-11-10 11:30:14'),
(444,'enter',19,'티이모님이 입장하셨습니다.',1,'2023-11-10 11:30:14'),
(445,'leave',19,'티이모님이 방을 떠났습니다.',1,'2023-11-10 11:30:15'),
(446,'enter',19,'티이모님이 입장하셨습니다.',1,'2023-11-10 11:30:15'),
(447,'leave',19,'티이모님이 방을 떠났습니다.',1,'2023-11-10 11:30:27'),
(448,'enter',19,'티이모님이 입장하셨습니다.',1,'2023-11-10 11:30:28'),
(449,'leave',19,'티이모님이 방을 떠났습니다.',1,'2023-11-10 11:30:36'),
(450,'enter',19,'티이모님이 입장하셨습니다.',1,'2023-11-10 11:30:36'),
(451,'leave',19,'티이모님이 방을 떠났습니다.',1,'2023-11-10 11:30:37'),
(452,'enter',19,'티이모님이 입장하셨습니다.',1,'2023-11-10 11:30:38'),
(453,'leave',19,'티이모님이 방을 떠났습니다.',1,'2023-11-10 11:31:36'),
(454,'enter',19,'티이모님이 입장하셨습니다.',1,'2023-11-10 11:31:39'),
(455,'leave',19,'티이모님이 방을 떠났습니다.',1,'2023-11-10 11:32:16'),
(456,'enter',19,'티이모님이 입장하셨습니다.',1,'2023-11-10 11:32:16'),
(457,'leave',19,'티이모님이 방을 떠났습니다.',1,'2023-11-10 11:32:16'),
(458,'enter',19,'티이모님이 입장하셨습니다.',1,'2023-11-10 11:32:20'),
(459,'leave',19,'티이모님이 방을 떠났습니다.',1,'2023-11-10 11:32:40'),
(460,'enter',19,'티이모님이 입장하셨습니다.',1,'2023-11-10 11:32:40'),
(461,'leave',19,'티이모님이 방을 떠났습니다.',1,'2023-11-10 11:33:30'),
(462,'enter',19,'티이모님이 입장하셨습니다.',1,'2023-11-10 11:33:30'),
(463,'leave',19,'티이모님이 방을 떠났습니다.',1,'2023-11-10 11:33:56'),
(464,'enter',19,'티이모님이 입장하셨습니다.',1,'2023-11-10 11:33:56'),
(465,'enter',19,'티이모님이 입장하셨습니다.',1,'2023-11-10 11:33:56'),
(466,'leave',19,'티이모님이 방을 떠났습니다.',1,'2023-11-10 11:33:57'),
(467,'leave',19,'티이모님이 방을 떠났습니다.',1,'2023-11-10 11:34:06'),
(468,'enter',19,'티이모님이 입장하셨습니다.',1,'2023-11-10 11:34:06'),
(469,'leave',19,'티이모님이 방을 떠났습니다.',1,'2023-11-10 11:34:07'),
(470,'enter',19,'티이모님이 입장하셨습니다.',1,'2023-11-10 11:34:07'),
(471,'leave',19,'티이모님이 방을 떠났습니다.',1,'2023-11-10 11:35:30'),
(472,'enter',19,'티이모님이 입장하셨습니다.',1,'2023-11-10 11:35:30'),
(473,'leave',19,'티이모님이 방을 떠났습니다.',1,'2023-11-10 11:35:33'),
(474,'enter',19,'티이모님이 입장하셨습니다.',1,'2023-11-10 11:35:35'),
(475,'leave',19,'티이모님이 방을 떠났습니다.',1,'2023-11-10 11:36:03'),
(476,'enter',19,'티이모님이 입장하셨습니다.',1,'2023-11-10 11:36:03'),
(477,'leave',19,'티이모님이 방을 떠났습니다.',1,'2023-11-10 11:36:04'),
(478,'enter',19,'티이모님이 입장하셨습니다.',1,'2023-11-10 11:36:07'),
(479,'leave',19,'티이모님이 방을 떠났습니다.',1,'2023-11-10 11:37:50'),
(480,'enter',19,'티이모님이 입장하셨습니다.',1,'2023-11-10 11:37:50'),
(481,'leave',19,'티이모님이 방을 떠났습니다.',1,'2023-11-10 11:37:52'),
(482,'enter',19,'티이모님이 입장하셨습니다.',1,'2023-11-10 11:37:53'),
(483,'leave',19,'티이모님이 방을 떠났습니다.',1,'2023-11-10 11:38:04'),
(484,'enter',19,'티이모님이 입장하셨습니다.',1,'2023-11-10 11:38:05'),
(485,'enter',19,'ㅎㅎ님이 입장하셨습니다.',2,'2023-11-10 11:38:19'),
(486,'leave',19,'티이모님이 방을 떠났습니다.',1,'2023-11-10 11:39:24'),
(487,'enter',19,'ㅎㅎ님이 입장하셨습니다.',2,'2023-11-10 11:39:24'),
(488,'leave',19,'ㅎㅎ님이 방을 떠났습니다.',2,'2023-11-10 11:39:24'),
(489,'leave',19,'ㅎㅎ님이 방을 떠났습니다.',2,'2023-11-10 11:39:25'),
(490,'enter',19,'티이모님이 입장하셨습니다.',1,'2023-11-10 11:39:41'),
(491,'enter',19,'ㅎㅎ님이 입장하셨습니다.',2,'2023-11-10 11:39:41'),
(492,'leave',19,'티이모님이 방을 떠났습니다.',1,'2023-11-10 11:39:54'),
(493,'leave',19,'ㅎㅎ님이 방을 떠났습니다.',2,'2023-11-10 11:39:54'),
(494,'enter',19,'ㅎㅎ님이 입장하셨습니다.',2,'2023-11-10 11:39:54'),
(495,'leave',19,'ㅎㅎ님이 방을 떠났습니다.',2,'2023-11-10 11:39:55'),
(496,'enter',19,'티이모님이 입장하셨습니다.',1,'2023-11-10 11:39:55'),
(497,'leave',19,'티이모님이 방을 떠났습니다.',1,'2023-11-10 11:39:57'),
(498,'enter',19,'티이모님이 입장하셨습니다.',1,'2023-11-10 11:39:59'),
(499,'enter',19,'ㅎㅎ님이 입장하셨습니다.',2,'2023-11-10 11:40:08'),
(500,'leave',19,'ㅎㅎ님이 방을 떠났습니다.',2,'2023-11-10 11:40:39'),
(501,'enter',19,'ㅎㅎ님이 입장하셨습니다.',2,'2023-11-10 11:40:39'),
(502,'leave',19,'티이모님이 방을 떠났습니다.',1,'2023-11-10 11:40:39'),
(503,'enter',19,'티이모님이 입장하셨습니다.',1,'2023-11-10 11:40:39'),
(504,'leave',19,'ㅎㅎ님이 방을 떠났습니다.',2,'2023-11-10 11:40:39'),
(505,'leave',19,'티이모님이 방을 떠났습니다.',1,'2023-11-10 11:40:39'),
(506,'enter',19,'ㅎㅎ님이 입장하셨습니다.',2,'2023-11-10 11:40:44'),
(507,'enter',19,'티이모님이 입장하셨습니다.',1,'2023-11-10 11:40:44'),
(508,'leave',19,'티이모님이 방을 떠났습니다.',1,'2023-11-10 11:40:50'),
(509,'enter',19,'티이모님이 입장하셨습니다.',1,'2023-11-10 11:40:50'),
(510,'leave',19,'ㅎㅎ님이 방을 떠났습니다.',2,'2023-11-10 11:40:52'),
(511,'enter',19,'ㅎㅎ님이 입장하셨습니다.',2,'2023-11-10 11:40:53'),
(512,'leave',19,'ㅎㅎ님이 방을 떠났습니다.',2,'2023-11-10 11:41:08'),
(513,'enter',19,'ㅎㅎ님이 입장하셨습니다.',2,'2023-11-10 11:41:08'),
(514,'enter',19,'티이모님이 입장하셨습니다.',1,'2023-11-10 11:41:08'),
(515,'leave',19,'티이모님이 방을 떠났습니다.',1,'2023-11-10 11:41:08'),
(516,'leave',19,'ㅎㅎ님이 방을 떠났습니다.',2,'2023-11-10 11:41:09'),
(517,'leave',19,'티이모님이 방을 떠났습니다.',1,'2023-11-10 11:41:09'),
(518,'enter',19,'티이모님이 입장하셨습니다.',1,'2023-11-10 11:41:13'),
(519,'enter',19,'ㅎㅎ님이 입장하셨습니다.',2,'2023-11-10 11:41:15'),
(520,'leave',19,'ㅎㅎ님이 방을 떠났습니다.',2,'2023-11-10 11:41:17'),
(521,'leave',19,'티이모님이 방을 떠났습니다.',1,'2023-11-10 11:43:49'),
(522,'enter',19,'티이모님이 입장하셨습니다.',1,'2023-11-10 11:43:59'),
(523,'enter',19,'ㅎㅎ님이 입장하셨습니다.',2,'2023-11-10 11:44:05'),
(524,'leave',19,'ㅎㅎ님이 방을 떠났습니다.',2,'2023-11-10 11:44:07'),
(525,'leave',19,'티이모님이 방을 떠났습니다.',1,'2023-11-10 11:44:35'),
(526,'enter',19,'티이모님이 입장하셨습니다.',1,'2023-11-10 11:44:36'),
(527,'leave',19,'티이모님이 방을 떠났습니다.',1,'2023-11-10 11:44:37'),
(528,'enter',19,'티이모님이 입장하셨습니다.',1,'2023-11-10 11:44:38'),
(529,'enter',19,'ㅎㅎ님이 입장하셨습니다.',2,'2023-11-10 11:44:39'),
(530,'leave',19,'ㅎㅎ님이 방을 떠났습니다.',2,'2023-11-10 11:44:44'),
(531,'leave',19,'티이모님이 방을 떠났습니다.',1,'2023-11-10 11:45:04'),
(532,'enter',19,'티이모님이 입장하셨습니다.',1,'2023-11-10 11:45:04'),
(533,'leave',19,'티이모님이 방을 떠났습니다.',1,'2023-11-10 11:45:05'),
(534,'enter',19,'티이모님이 입장하셨습니다.',1,'2023-11-10 11:45:06'),
(535,'enter',19,'ㅎㅎ님이 입장하셨습니다.',2,'2023-11-10 11:45:07'),
(536,'leave',19,'ㅎㅎ님이 방을 떠났습니다.',2,'2023-11-10 11:45:09'),
(537,'leave',19,'티이모님이 방을 떠났습니다.',1,'2023-11-10 11:45:25'),
(538,'enter',19,'티이모님이 입장하셨습니다.',1,'2023-11-10 11:45:25'),
(539,'enter',19,'ㅎㅎ님이 입장하셨습니다.',2,'2023-11-10 11:45:27'),
(540,'leave',19,'ㅎㅎ님이 방을 떠났습니다.',2,'2023-11-10 11:45:31'),
(541,'leave',19,'티이모님이 방을 떠났습니다.',1,'2023-11-10 11:46:40'),
(542,'enter',19,'티이모님이 입장하셨습니다.',1,'2023-11-10 11:46:40'),
(543,'enter',19,'ㅎㅎ님이 입장하셨습니다.',2,'2023-11-10 11:46:44'),
(544,'leave',19,'ㅎㅎ님이 방을 떠났습니다.',2,'2023-11-10 11:46:46'),
(545,'leave',19,'티이모님이 방을 떠났습니다.',1,'2023-11-10 11:47:04'),
(546,'enter',19,'티이모님이 입장하셨습니다.',1,'2023-11-10 11:47:04'),
(547,'enter',19,'ㅎㅎ님이 입장하셨습니다.',2,'2023-11-10 11:47:06'),
(548,'leave',19,'ㅎㅎ님이 방을 떠났습니다.',2,'2023-11-10 11:47:11'),
(549,'leave',19,'티이모님이 방을 떠났습니다.',1,'2023-11-10 11:48:39'),
(550,'enter',19,'티이모님이 입장하셨습니다.',1,'2023-11-10 11:48:39'),
(551,'enter',19,'ㅎㅎ님이 입장하셨습니다.',2,'2023-11-10 11:48:40'),
(552,'leave',19,'ㅎㅎ님이 방을 떠났습니다.',2,'2023-11-10 11:48:42'),
(553,'leave',19,'티이모님이 방을 떠났습니다.',1,'2023-11-10 11:48:54'),
(554,'enter',19,'티이모님이 입장하셨습니다.',1,'2023-11-10 11:48:54'),
(555,'enter',19,'ㅎㅎ님이 입장하셨습니다.',2,'2023-11-10 11:49:00'),
(556,'leave',19,'ㅎㅎ님이 방을 떠났습니다.',2,'2023-11-10 11:49:01'),
(557,'leave',19,'티이모님이 방을 떠났습니다.',1,'2023-11-10 11:49:35'),
(558,'enter',19,'티이모님이 입장하셨습니다.',1,'2023-11-10 11:49:35'),
(559,'enter',19,'ㅎㅎ님이 입장하셨습니다.',2,'2023-11-10 11:49:36'),
(560,'leave',19,'ㅎㅎ님이 방을 떠났습니다.',2,'2023-11-10 11:49:40'),
(561,'leave',19,'티이모님이 방을 떠났습니다.',1,'2023-11-10 11:49:47'),
(562,'enter',19,'티이모님이 입장하셨습니다.',1,'2023-11-10 11:49:47'),
(563,'enter',19,'ㅎㅎ님이 입장하셨습니다.',2,'2023-11-10 11:49:48'),
(564,'leave',19,'ㅎㅎ님이 방을 떠났습니다.',2,'2023-11-10 11:49:50'),
(565,'enter',19,'ㅎㅎ님이 입장하셨습니다.',2,'2023-11-10 11:49:55'),
(566,'leave',19,'ㅎㅎ님이 방을 떠났습니다.',2,'2023-11-10 11:50:39'),
(567,'leave',19,'티이모님이 방을 떠났습니다.',1,'2023-11-10 11:50:39'),
(568,'enter',19,'ㅎㅎ님이 입장하셨습니다.',2,'2023-11-10 11:50:39'),
(569,'leave',19,'ㅎㅎ님이 방을 떠났습니다.',2,'2023-11-10 11:50:56'),
(570,'enter',19,'ㅎㅎ님이 입장하셨습니다.',2,'2023-11-10 11:50:56'),
(571,'enter',19,'티이모님이 입장하셨습니다.',1,'2023-11-10 11:50:57'),
(572,'leave',19,'ㅎㅎ님이 방을 떠났습니다.',2,'2023-11-10 11:51:17'),
(573,'enter',19,'ㅎㅎ님이 입장하셨습니다.',2,'2023-11-10 11:51:18'),
(574,'leave',19,'티이모님이 방을 떠났습니다.',1,'2023-11-10 11:51:22'),
(575,'enter',14,'티이모님이 입장하셨습니다.',1,'2023-11-10 11:51:22'),
(576,'leave',19,'ㅎㅎ님이 방을 떠났습니다.',2,'2023-11-10 11:51:36'),
(577,'leave',14,'티이모님이 방을 떠났습니다.',1,'2023-11-10 11:51:38'),
(578,'enter',11,'티이모님이 입장하셨습니다.',1,'2023-11-10 11:51:53'),
(579,'leave',11,'티이모님이 방을 떠났습니다.',1,'2023-11-10 11:52:30'),
(580,'enter',11,'티이모님이 입장하셨습니다.',1,'2023-11-10 11:52:30'),
(581,'leave',11,'티이모님이 방을 떠났습니다.',1,'2023-11-10 11:52:35'),
(582,'enter',11,'티이모님이 입장하셨습니다.',1,'2023-11-10 11:52:35'),
(583,'leave',11,'티이모님이 방을 떠났습니다.',1,'2023-11-10 11:52:52'),
(584,'enter',11,'티이모님이 입장하셨습니다.',1,'2023-11-10 11:52:53'),
(585,'leave',11,'티이모님이 방을 떠났습니다.',1,'2023-11-10 11:53:00'),
(586,'enter',11,'티이모님이 입장하셨습니다.',1,'2023-11-10 11:53:00'),
(587,'leave',11,'티이모님이 방을 떠났습니다.',1,'2023-11-10 11:53:04'),
(588,'enter',11,'티이모님이 입장하셨습니다.',1,'2023-11-10 11:53:04'),
(589,'leave',11,'티이모님이 방을 떠났습니다.',1,'2023-11-10 11:53:11'),
(590,'enter',11,'티이모님이 입장하셨습니다.',1,'2023-11-10 11:53:11'),
(591,'leave',11,'티이모님이 방을 떠났습니다.',1,'2023-11-10 11:53:17'),
(592,'enter',11,'티이모님이 입장하셨습니다.',1,'2023-11-10 11:53:17'),
(593,'leave',11,'티이모님이 방을 떠났습니다.',1,'2023-11-10 11:54:26'),
(594,'enter',11,'티이모님이 입장하셨습니다.',1,'2023-11-10 11:54:26'),
(595,'leave',11,'티이모님이 방을 떠났습니다.',1,'2023-11-10 11:54:33'),
(596,'enter',11,'티이모님이 입장하셨습니다.',1,'2023-11-10 11:54:33'),
(597,'leave',11,'티이모님이 방을 떠났습니다.',1,'2023-11-10 11:54:41'),
(598,'enter',11,'티이모님이 입장하셨습니다.',1,'2023-11-10 11:54:41'),
(599,'leave',11,'티이모님이 방을 떠났습니다.',1,'2023-11-10 11:55:40'),
(600,'enter',11,'티이모님이 입장하셨습니다.',1,'2023-11-10 11:55:40'),
(601,'leave',11,'티이모님이 방을 떠났습니다.',1,'2023-11-10 11:55:50'),
(602,'enter',11,'티이모님이 입장하셨습니다.',1,'2023-11-10 11:55:50'),
(603,'leave',11,'티이모님이 방을 떠났습니다.',1,'2023-11-10 11:55:51'),
(604,'enter',11,'티이모님이 입장하셨습니다.',1,'2023-11-10 11:56:05'),
(605,'leave',11,'티이모님이 방을 떠났습니다.',1,'2023-11-10 11:56:12'),
(606,'enter',11,'티이모님이 입장하셨습니다.',1,'2023-11-10 11:56:12'),
(607,'leave',11,'티이모님이 방을 떠났습니다.',1,'2023-11-10 11:56:21'),
(608,'enter',11,'티이모님이 입장하셨습니다.',1,'2023-11-10 11:56:21'),
(609,'leave',11,'티이모님이 방을 떠났습니다.',1,'2023-11-10 11:56:31'),
(610,'enter',11,'티이모님이 입장하셨습니다.',1,'2023-11-10 11:56:31'),
(611,'leave',11,'티이모님이 방을 떠났습니다.',1,'2023-11-10 11:56:41'),
(612,'enter',11,'티이모님이 입장하셨습니다.',1,'2023-11-10 11:56:41'),
(613,'leave',11,'티이모님이 방을 떠났습니다.',1,'2023-11-10 11:56:47'),
(614,'enter',11,'티이모님이 입장하셨습니다.',1,'2023-11-10 11:56:47'),
(615,'leave',11,'티이모님이 방을 떠났습니다.',1,'2023-11-10 11:56:57'),
(616,'enter',11,'티이모님이 입장하셨습니다.',1,'2023-11-10 11:56:57'),
(617,'leave',11,'티이모님이 방을 떠났습니다.',1,'2023-11-10 11:57:03'),
(618,'enter',11,'티이모님이 입장하셨습니다.',1,'2023-11-10 11:57:03'),
(619,'leave',11,'티이모님이 방을 떠났습니다.',1,'2023-11-10 11:57:09'),
(620,'enter',11,'티이모님이 입장하셨습니다.',1,'2023-11-10 11:57:09'),
(621,'leave',11,'티이모님이 방을 떠났습니다.',1,'2023-11-10 11:57:17'),
(622,'enter',11,'티이모님이 입장하셨습니다.',1,'2023-11-10 11:57:17'),
(623,'leave',11,'티이모님이 방을 떠났습니다.',1,'2023-11-10 11:57:25'),
(624,'enter',11,'티이모님이 입장하셨습니다.',1,'2023-11-10 11:57:25'),
(625,'leave',11,'티이모님이 방을 떠났습니다.',1,'2023-11-10 11:57:31'),
(626,'enter',11,'티이모님이 입장하셨습니다.',1,'2023-11-10 11:57:32'),
(627,'leave',11,'티이모님이 방을 떠났습니다.',1,'2023-11-10 11:57:41'),
(628,'enter',11,'티이모님이 입장하셨습니다.',1,'2023-11-10 11:57:41'),
(629,'leave',11,'티이모님이 방을 떠났습니다.',1,'2023-11-10 11:57:44'),
(630,'enter',11,'티이모님이 입장하셨습니다.',1,'2023-11-10 11:57:44'),
(631,'leave',11,'티이모님이 방을 떠났습니다.',1,'2023-11-10 11:57:45'),
(632,'enter',11,'티이모님이 입장하셨습니다.',1,'2023-11-10 11:57:50'),
(633,'leave',11,'티이모님이 방을 떠났습니다.',1,'2023-11-10 11:57:53'),
(634,'enter',11,'티이모님이 입장하셨습니다.',1,'2023-11-10 11:57:53'),
(635,'enter',19,'ㅎㅎ님이 입장하셨습니다.',2,'2023-11-10 11:58:06'),
(636,'leave',11,'티이모님이 방을 떠났습니다.',1,'2023-11-10 11:58:19'),
(637,'enter',19,'티이모님이 입장하셨습니다.',1,'2023-11-10 11:58:20'),
(638,'leave',19,'티이모님이 방을 떠났습니다.',1,'2023-11-10 11:58:21'),
(639,'enter',19,'티이모님이 입장하셨습니다.',1,'2023-11-10 11:58:26'),
(640,'leave',19,'ㅎㅎ님이 방을 떠났습니다.',2,'2023-11-10 11:58:28'),
(641,'enter',19,'ㅎㅎ님이 입장하셨습니다.',2,'2023-11-10 11:58:31'),
(642,'leave',19,'티이모님이 방을 떠났습니다.',1,'2023-11-10 11:58:45'),
(643,'enter',19,'ㅎㅎ님이 입장하셨습니다.',2,'2023-11-10 11:58:45'),
(644,'leave',19,'ㅎㅎ님이 방을 떠났습니다.',2,'2023-11-10 11:58:45'),
(645,'leave',19,'ㅎㅎ님이 방을 떠났습니다.',2,'2023-11-10 11:58:46'),
(646,'enter',19,'티이모님이 입장하셨습니다.',1,'2023-11-10 11:58:55'),
(647,'enter',19,'ㅎㅎ님이 입장하셨습니다.',2,'2023-11-10 11:58:55'),
(648,'leave',19,'티이모님이 방을 떠났습니다.',1,'2023-11-10 11:59:00'),
(649,'enter',19,'ㅎㅎ님이 입장하셨습니다.',2,'2023-11-10 11:59:00'),
(650,'leave',19,'ㅎㅎ님이 방을 떠났습니다.',2,'2023-11-10 11:59:01'),
(651,'enter',19,'티이모님이 입장하셨습니다.',1,'2023-11-10 11:59:05'),
(652,'leave',19,'ㅎㅎ님이 방을 떠났습니다.',2,'2023-11-10 11:59:06'),
(653,'enter',13,'ㅎㅎ님이 입장하셨습니다.',2,'2023-11-10 11:59:09'),
(654,'leave',13,'ㅎㅎ님이 방을 떠났습니다.',2,'2023-11-10 11:59:12'),
(655,'leave',19,'티이모님이 방을 떠났습니다.',1,'2023-11-10 11:59:16'),
(656,'enter',19,'티이모님이 입장하셨습니다.',1,'2023-11-10 11:59:16'),
(657,'leave',19,'티이모님이 방을 떠났습니다.',1,'2023-11-10 11:59:36'),
(658,'enter',19,'티이모님이 입장하셨습니다.',1,'2023-11-10 11:59:36'),
(659,'leave',19,'티이모님이 방을 떠났습니다.',1,'2023-11-10 11:59:41'),
(660,'enter',19,'티이모님이 입장하셨습니다.',1,'2023-11-10 11:59:41'),
(661,'leave',19,'티이모님이 방을 떠났습니다.',1,'2023-11-10 12:00:04'),
(662,'enter',19,'티이모님이 입장하셨습니다.',1,'2023-11-10 12:00:04'),
(663,'leave',19,'티이모님이 방을 떠났습니다.',1,'2023-11-10 12:00:14'),
(664,'enter',19,'티이모님이 입장하셨습니다.',1,'2023-11-10 12:00:14'),
(665,'leave',19,'티이모님이 방을 떠났습니다.',1,'2023-11-10 12:00:22'),
(666,'enter',19,'티이모님이 입장하셨습니다.',1,'2023-11-10 12:00:22'),
(667,'leave',19,'티이모님이 방을 떠났습니다.',1,'2023-11-10 12:00:25'),
(668,'enter',19,'티이모님이 입장하셨습니다.',1,'2023-11-10 12:00:25'),
(669,'leave',19,'티이모님이 방을 떠났습니다.',1,'2023-11-10 12:00:33'),
(670,'enter',19,'티이모님이 입장하셨습니다.',1,'2023-11-10 12:00:33'),
(671,'leave',19,'티이모님이 방을 떠났습니다.',1,'2023-11-10 12:01:07'),
(672,'enter',19,'티이모님이 입장하셨습니다.',1,'2023-11-10 12:01:07'),
(673,'enter',19,'티이모님이 입장하셨습니다.',1,'2023-11-10 12:01:12'),
(674,'leave',19,'티이모님이 방을 떠났습니다.',1,'2023-11-10 12:01:12'),
(675,'chat',19,'qqqqqqqqqqqqqqqqqqqqqqqqqqqqqqqqqqqqqqqqqqqqqqqqqqqqqqq',1,'2023-11-10 12:01:23'),
(676,'leave',19,'티이모님이 방을 떠났습니다.',1,'2023-11-10 12:01:49'),
(677,'enter',19,'티이모님이 입장하셨습니다.',1,'2023-11-10 12:01:49'),
(678,'leave',19,'티이모님이 방을 떠났습니다.',1,'2023-11-10 12:02:09'),
(679,'enter',19,'티이모님이 입장하셨습니다.',1,'2023-11-10 12:02:09'),
(680,'leave',19,'티이모님이 방을 떠났습니다.',1,'2023-11-10 12:02:33'),
(681,'enter',19,'티이모님이 입장하셨습니다.',1,'2023-11-10 12:02:33'),
(682,'leave',19,'티이모님이 방을 떠났습니다.',1,'2023-11-10 12:02:38'),
(683,'enter',19,'티이모님이 입장하셨습니다.',1,'2023-11-10 12:02:38'),
(684,'leave',19,'티이모님이 방을 떠났습니다.',1,'2023-11-10 12:03:22'),
(685,'enter',19,'티이모님이 입장하셨습니다.',1,'2023-11-10 12:03:22'),
(686,'leave',19,'티이모님이 방을 떠났습니다.',1,'2023-11-10 12:03:28'),
(687,'enter',19,'티이모님이 입장하셨습니다.',1,'2023-11-10 12:03:28'),
(688,'leave',19,'티이모님이 방을 떠났습니다.',1,'2023-11-10 12:03:33'),
(689,'enter',19,'티이모님이 입장하셨습니다.',1,'2023-11-10 12:03:34'),
(690,'leave',19,'티이모님이 방을 떠났습니다.',1,'2023-11-10 12:03:43'),
(691,'enter',19,'티이모님이 입장하셨습니다.',1,'2023-11-10 12:03:43'),
(692,'leave',19,'티이모님이 방을 떠났습니다.',1,'2023-11-10 12:03:47'),
(693,'enter',19,'티이모님이 입장하셨습니다.',1,'2023-11-10 12:03:47'),
(694,'leave',19,'티이모님이 방을 떠났습니다.',1,'2023-11-10 12:04:05'),
(695,'enter',19,'티이모님이 입장하셨습니다.',1,'2023-11-10 12:04:05'),
(696,'leave',19,'티이모님이 방을 떠났습니다.',1,'2023-11-10 12:04:48'),
(697,'enter',19,'티이모님이 입장하셨습니다.',1,'2023-11-10 12:04:48'),
(698,'chat',19,'asd',1,'2023-11-10 12:10:22'),
(699,'chat',19,'qwe',1,'2023-11-10 12:10:22'),
(700,'chat',19,'qw',1,'2023-11-10 12:10:22'),
(701,'chat',19,'c',1,'2023-11-10 12:10:23'),
(702,'chat',19,'qaaaaaaaaaaaaaaaaaaaaaaaaaaaaaaaaaaaaaaaaaaaaa',1,'2023-11-10 12:10:25'),
(703,'leave',19,'티이모님이 방을 떠났습니다.',1,'2023-11-10 12:11:17'),
(704,'enter',19,'티이모님이 입장하셨습니다.',1,'2023-11-10 12:11:17'),
(705,'leave',19,'티이모님이 방을 떠났습니다.',1,'2023-11-10 12:11:34'),
(706,'enter',19,'티이모님이 입장하셨습니다.',1,'2023-11-10 12:11:34'),
(707,'leave',19,'티이모님이 방을 떠났습니다.',1,'2023-11-10 12:11:54'),
(708,'enter',19,'티이모님이 입장하셨습니다.',1,'2023-11-10 12:11:54'),
(709,'leave',19,'티이모님이 방을 떠났습니다.',1,'2023-11-10 12:12:05'),
(710,'enter',19,'티이모님이 입장하셨습니다.',1,'2023-11-10 12:12:05'),
(711,'chat',19,'qqqqqqqqqqqqqqqqqqqqqqqqqqqqqqqqqqqq',1,'2023-11-10 12:12:29'),
(712,'leave',19,'티이모님이 방을 떠났습니다.',1,'2023-11-10 12:15:22'),
(713,'enter',19,'티이모님이 입장하셨습니다.',1,'2023-11-10 12:15:22'),
(714,'leave',19,'티이모님이 방을 떠났습니다.',1,'2023-11-10 12:15:46'),
(715,'enter',19,'티이모님이 입장하셨습니다.',1,'2023-11-10 12:15:46'),
(716,'leave',19,'티이모님이 방을 떠났습니다.',1,'2023-11-10 12:15:46'),
(717,'enter',19,'티이모님이 입장하셨습니다.',1,'2023-11-10 12:15:57'),
(718,'leave',19,'티이모님이 방을 떠났습니다.',1,'2023-11-10 12:16:23'),
(719,'enter',19,'티이모님이 입장하셨습니다.',1,'2023-11-10 12:16:24'),
(720,'leave',19,'티이모님이 방을 떠났습니다.',1,'2023-11-10 12:16:24'),
(721,'enter',19,'티이모님이 입장하셨습니다.',1,'2023-11-10 12:16:24'),
(722,'leave',19,'티이모님이 방을 떠났습니다.',1,'2023-11-10 12:16:52'),
(723,'enter',19,'티이모님이 입장하셨습니다.',1,'2023-11-10 12:16:52'),
(724,'leave',19,'티이모님이 방을 떠났습니다.',1,'2023-11-10 12:16:56'),
(725,'enter',19,'티이모님이 입장하셨습니다.',1,'2023-11-10 12:16:57'),
(726,'leave',19,'티이모님이 방을 떠났습니다.',1,'2023-11-10 12:17:02'),
(727,'enter',19,'티이모님이 입장하셨습니다.',1,'2023-11-10 12:17:02'),
(728,'leave',19,'티이모님이 방을 떠났습니다.',1,'2023-11-10 12:17:05'),
(729,'enter',19,'티이모님이 입장하셨습니다.',1,'2023-11-10 12:17:05'),
(730,'leave',19,'티이모님이 방을 떠났습니다.',1,'2023-11-10 12:17:10'),
(731,'enter',19,'티이모님이 입장하셨습니다.',1,'2023-11-10 12:17:10'),
(732,'leave',19,'티이모님이 방을 떠났습니다.',1,'2023-11-10 12:17:13'),
(733,'enter',19,'티이모님이 입장하셨습니다.',1,'2023-11-10 12:17:13'),
(734,'leave',19,'티이모님이 방을 떠났습니다.',1,'2023-11-10 12:17:17'),
(735,'enter',19,'티이모님이 입장하셨습니다.',1,'2023-11-10 12:17:17'),
(736,'leave',19,'티이모님이 방을 떠났습니다.',1,'2023-11-10 12:17:21'),
(737,'enter',19,'티이모님이 입장하셨습니다.',1,'2023-11-10 12:17:21'),
(738,'enter',19,'티이모님이 입장하셨습니다.',1,'2023-11-10 12:17:26'),
(739,'leave',19,'티이모님이 방을 떠났습니다.',1,'2023-11-10 12:17:26'),
(740,'leave',19,'티이모님이 방을 떠났습니다.',1,'2023-11-10 12:17:29'),
(741,'enter',19,'티이모님이 입장하셨습니다.',1,'2023-11-10 12:17:29'),
(742,'leave',19,'티이모님이 방을 떠났습니다.',1,'2023-11-10 12:17:33'),
(743,'enter',19,'티이모님이 입장하셨습니다.',1,'2023-11-10 12:17:33'),
(744,'leave',19,'티이모님이 방을 떠났습니다.',1,'2023-11-10 12:17:40'),
(745,'enter',19,'티이모님이 입장하셨습니다.',1,'2023-11-10 12:17:40'),
(746,'leave',19,'티이모님이 방을 떠났습니다.',1,'2023-11-10 12:17:44'),
(747,'enter',19,'티이모님이 입장하셨습니다.',1,'2023-11-10 12:17:44'),
(748,'leave',19,'티이모님이 방을 떠났습니다.',1,'2023-11-10 12:17:52'),
(749,'enter',19,'티이모님이 입장하셨습니다.',1,'2023-11-10 12:17:52'),
(750,'enter',13,'ㅎㅎ님이 입장하셨습니다.',2,'2023-11-10 12:18:03'),
(751,'leave',19,'티이모님이 방을 떠났습니다.',1,'2023-11-10 12:18:28'),
(752,'enter',13,'ㅎㅎ님이 입장하셨습니다.',2,'2023-11-10 12:18:28'),
(753,'enter',19,'티이모님이 입장하셨습니다.',1,'2023-11-10 12:18:28'),
(754,'leave',13,'ㅎㅎ님이 방을 떠났습니다.',2,'2023-11-10 12:18:28'),
(755,'leave',13,'ㅎㅎ님이 방을 떠났습니다.',2,'2023-11-10 12:18:28'),
(756,'leave',19,'티이모님이 방을 떠났습니다.',1,'2023-11-10 12:18:43'),
(757,'enter',13,'ㅎㅎ님이 입장하셨습니다.',2,'2023-11-10 12:18:44'),
(758,'enter',19,'티이모님이 입장하셨습니다.',1,'2023-11-10 12:18:48'),
(759,'leave',13,'ㅎㅎ님이 방을 떠났습니다.',2,'2023-11-10 12:18:48'),
(760,'enter',14,'ㅎㅎ님이 입장하셨습니다.',2,'2023-11-10 12:18:58'),
(761,'leave',19,'티이모님이 방을 떠났습니다.',1,'2023-11-10 12:19:33'),
(762,'leave',14,'ㅎㅎ님이 방을 떠났습니다.',2,'2023-11-10 12:19:33'),
(763,'enter',14,'ㅎㅎ님이 입장하셨습니다.',2,'2023-11-10 12:19:36'),
(764,'enter',19,'티이모님이 입장하셨습니다.',1,'2023-11-10 12:19:50'),
(765,'leave',14,'ㅎㅎ님이 방을 떠났습니다.',2,'2023-11-10 12:19:50'),
(766,'enter',14,'ㅎㅎ님이 입장하셨습니다.',2,'2023-11-10 12:19:50'),
(767,'leave',14,'ㅎㅎ님이 방을 떠났습니다.',2,'2023-11-10 12:21:00'),
(768,'leave',19,'티이모님이 방을 떠났습니다.',1,'2023-11-10 12:21:00'),
(769,'enter',14,'ㅎㅎ님이 입장하셨습니다.',2,'2023-11-10 12:21:03'),
(770,'enter',19,'티이모님이 입장하셨습니다.',1,'2023-11-10 12:21:13'),
(771,'enter',14,'ㅎㅎ님이 입장하셨습니다.',2,'2023-11-10 12:21:14'),
(772,'leave',14,'ㅎㅎ님이 방을 떠났습니다.',2,'2023-11-10 12:21:14'),
(773,'leave',14,'ㅎㅎ님이 방을 떠났습니다.',2,'2023-11-10 12:21:14'),
(774,'leave',19,'티이모님이 방을 떠났습니다.',1,'2023-11-10 12:21:26'),
(775,'enter',19,'티이모님이 입장하셨습니다.',1,'2023-11-10 12:21:26'),
(776,'leave',19,'티이모님이 방을 떠났습니다.',1,'2023-11-10 12:21:27'),
(777,'enter',14,'ㅎㅎ님이 입장하셨습니다.',2,'2023-11-10 12:21:29'),
(778,'leave',14,'ㅎㅎ님이 방을 떠났습니다.',2,'2023-11-10 12:21:39'),
(779,'enter',19,'ㅎㅎ님이 입장하셨습니다.',2,'2023-11-10 12:22:43'),
(780,'enter',19,'티이모님이 입장하셨습니다.',1,'2023-11-10 12:23:22'),
(781,'leave',19,'ㅎㅎ님이 방을 떠났습니다.',2,'2023-11-10 12:23:23'),
(782,'leave',19,'티이모님이 방을 떠났습니다.',1,'2023-11-10 12:23:23'),
(783,'enter',14,'ㅎㅎ님이 입장하셨습니다.',2,'2023-11-10 12:23:25'),
(784,'enter',19,'티이모님이 입장하셨습니다.',1,'2023-11-10 12:23:31'),
(785,'enter',14,'ㅎㅎ님이 입장하셨습니다.',2,'2023-11-10 12:23:31'),
(786,'leave',14,'ㅎㅎ님이 방을 떠났습니다.',2,'2023-11-10 12:23:32'),
(787,'leave',14,'ㅎㅎ님이 방을 떠났습니다.',2,'2023-11-10 12:23:32'),
(788,'leave',19,'티이모님이 방을 떠났습니다.',1,'2023-11-10 12:23:36'),
(789,'enter',14,'ㅎㅎ님이 입장하셨습니다.',2,'2023-11-10 12:23:36'),
(790,'leave',14,'ㅎㅎ님이 방을 떠났습니다.',2,'2023-11-10 12:23:36'),
(791,'enter',19,'ㅎㅎ님이 입장하셨습니다.',2,'2023-11-10 12:23:38'),
(792,'leave',19,'ㅎㅎ님이 방을 떠났습니다.',2,'2023-11-10 12:23:42'),
(793,'enter',19,'티이모님이 입장하셨습니다.',1,'2023-11-10 12:23:42'),
(794,'leave',19,'티이모님이 방을 떠났습니다.',1,'2023-11-10 12:23:48'),
(795,'enter',19,'티이모님이 입장하셨습니다.',1,'2023-11-10 12:23:48'),
(796,'enter',19,'ㅎㅎ님이 입장하셨습니다.',2,'2023-11-10 12:23:48'),
(797,'leave',19,'티이모님이 방을 떠났습니다.',1,'2023-11-10 12:23:51'),
(798,'enter',19,'티이모님이 입장하셨습니다.',1,'2023-11-10 12:23:51'),
(799,'leave',19,'ㅎㅎ님이 방을 떠났습니다.',2,'2023-11-10 12:23:51'),
(800,'enter',19,'ㅎㅎ님이 입장하셨습니다.',2,'2023-11-10 12:23:51'),
(801,'leave',19,'ㅎㅎ님이 방을 떠났습니다.',2,'2023-11-10 12:23:55'),
(802,'enter',14,'ㅎㅎ님이 입장하셨습니다.',2,'2023-11-10 12:23:55'),
(803,'leave',19,'티이모님이 방을 떠났습니다.',1,'2023-11-10 12:23:59'),
(804,'enter',14,'티이모님이 입장하셨습니다.',1,'2023-11-10 12:24:00'),
(805,'leave',14,'티이모님이 방을 떠났습니다.',1,'2023-11-10 12:24:20'),
(806,'leave',14,'ㅎㅎ님이 방을 떠났습니다.',2,'2023-11-10 12:24:20'),
(807,'enter',14,'티이모님이 입장하셨습니다.',1,'2023-11-10 12:24:20'),
(808,'enter',14,'ㅎㅎ님이 입장하셨습니다.',2,'2023-11-10 12:24:20'),
(809,'leave',14,'티이모님이 방을 떠났습니다.',1,'2023-11-10 12:24:43'),
(810,'leave',14,'ㅎㅎ님이 방을 떠났습니다.',2,'2023-11-10 12:24:43'),
(811,'enter',14,'ㅎㅎ님이 입장하셨습니다.',2,'2023-11-10 12:24:43'),
(812,'enter',19,'티이모님이 입장하셨습니다.',1,'2023-11-10 12:24:46'),
(813,'leave',19,'티이모님이 방을 떠났습니다.',1,'2023-11-10 12:26:11'),
(814,'leave',14,'ㅎㅎ님이 방을 떠났습니다.',2,'2023-11-10 12:26:11'),
(815,'enter',14,'ㅎㅎ님이 입장하셨습니다.',2,'2023-11-10 12:26:11'),
(816,'enter',19,'티이모님이 입장하셨습니다.',1,'2023-11-10 12:26:27'),
(817,'leave',14,'ㅎㅎ님이 방을 떠났습니다.',2,'2023-11-10 12:26:27'),
(818,'enter',14,'ㅎㅎ님이 입장하셨습니다.',2,'2023-11-10 12:26:27'),
(819,'leave',19,'티이모님이 방을 떠났습니다.',1,'2023-11-10 12:26:37'),
(820,'enter',19,'티이모님이 입장하셨습니다.',1,'2023-11-10 12:26:37'),
(821,'leave',14,'ㅎㅎ님이 방을 떠났습니다.',2,'2023-11-10 12:26:37'),
(822,'leave',19,'티이모님이 방을 떠났습니다.',1,'2023-11-10 12:27:42'),
(823,'enter',19,'티이모님이 입장하셨습니다.',1,'2023-11-10 12:27:43'),
(824,'leave',19,'티이모님이 방을 떠났습니다.',1,'2023-11-10 12:27:56'),
(825,'enter',19,'티이모님이 입장하셨습니다.',1,'2023-11-10 12:27:56'),
(826,'leave',19,'티이모님이 방을 떠났습니다.',1,'2023-11-10 12:28:45'),
(827,'enter',19,'티이모님이 입장하셨습니다.',1,'2023-11-10 12:28:45'),
(828,'leave',19,'티이모님이 방을 떠났습니다.',1,'2023-11-10 12:29:03'),
(829,'enter',19,'티이모님이 입장하셨습니다.',1,'2023-11-10 12:29:03'),
(830,'leave',19,'티이모님이 방을 떠났습니다.',1,'2023-11-10 12:29:11'),
(831,'enter',19,'티이모님이 입장하셨습니다.',1,'2023-11-10 12:29:11'),
(832,'leave',19,'티이모님이 방을 떠났습니다.',1,'2023-11-10 12:29:54'),
(833,'enter',19,'티이모님이 입장하셨습니다.',1,'2023-11-10 12:29:55'),
(834,'leave',19,'티이모님이 방을 떠났습니다.',1,'2023-11-10 12:30:01'),
(835,'enter',19,'티이모님이 입장하셨습니다.',1,'2023-11-10 12:30:01'),
(836,'leave',19,'티이모님이 방을 떠났습니다.',1,'2023-11-10 12:30:37'),
(837,'enter',19,'티이모님이 입장하셨습니다.',1,'2023-11-10 12:30:37'),
(838,'leave',19,'티이모님이 방을 떠났습니다.',1,'2023-11-10 12:30:53'),
(839,'enter',19,'티이모님이 입장하셨습니다.',1,'2023-11-10 12:30:53'),
(840,'leave',19,'티이모님이 방을 떠났습니다.',1,'2023-11-10 12:30:58'),
(841,'enter',19,'티이모님이 입장하셨습니다.',1,'2023-11-10 12:30:58'),
(842,'leave',19,'티이모님이 방을 떠났습니다.',1,'2023-11-10 12:31:02'),
(843,'enter',19,'티이모님이 입장하셨습니다.',1,'2023-11-10 12:31:02'),
(844,'leave',19,'티이모님이 방을 떠났습니다.',1,'2023-11-10 12:31:05'),
(845,'enter',19,'티이모님이 입장하셨습니다.',1,'2023-11-10 12:31:06'),
(846,'leave',19,'티이모님이 방을 떠났습니다.',1,'2023-11-10 12:31:20'),
(847,'enter',19,'티이모님이 입장하셨습니다.',1,'2023-11-10 12:31:20'),
(848,'leave',19,'티이모님이 방을 떠났습니다.',1,'2023-11-10 12:31:42'),
(849,'enter',19,'티이모님이 입장하셨습니다.',1,'2023-11-10 12:31:42'),
(850,'leave',19,'티이모님이 방을 떠났습니다.',1,'2023-11-10 12:31:49'),
(851,'enter',19,'티이모님이 입장하셨습니다.',1,'2023-11-10 12:31:49'),
(852,'leave',19,'티이모님이 방을 떠났습니다.',1,'2023-11-10 12:31:57'),
(853,'enter',19,'티이모님이 입장하셨습니다.',1,'2023-11-10 12:31:57'),
(854,'leave',19,'티이모님이 방을 떠났습니다.',1,'2023-11-10 12:32:05'),
(855,'enter',19,'티이모님이 입장하셨습니다.',1,'2023-11-10 12:32:05'),
(856,'leave',19,'티이모님이 방을 떠났습니다.',1,'2023-11-10 12:32:14'),
(857,'enter',19,'티이모님이 입장하셨습니다.',1,'2023-11-10 12:32:14'),
(858,'leave',19,'티이모님이 방을 떠났습니다.',1,'2023-11-10 12:32:15'),
(859,'enter',19,'티이모님이 입장하셨습니다.',1,'2023-11-10 12:32:15'),
(860,'leave',19,'티이모님이 방을 떠났습니다.',1,'2023-11-10 12:32:24'),
(861,'enter',19,'티이모님이 입장하셨습니다.',1,'2023-11-10 12:32:24'),
(862,'leave',19,'티이모님이 방을 떠났습니다.',1,'2023-11-10 12:36:12'),
(863,'enter',20,'티이모님이 입장하셨습니다.',1,'2023-11-12 04:18:44'),
(864,'chat',20,'ㅎㅇ',1,'2023-11-12 04:18:48'),
(865,'leave',20,'티이모님이 방을 떠났습니다.',1,'2023-11-12 08:20:51'),
(866,'enter',20,'티이모님이 입장하셨습니다.',1,'2023-11-12 08:20:55'),
(867,'chat',20,'ㅋㅋ',1,'2023-11-12 08:22:53'),
(868,'chat',20,'웃기긴 하네',1,'2023-11-12 08:22:55'),
(869,'chat',20,'어?',1,'2023-11-12 08:22:56'),
(870,'leave',20,'티이모님이 방을 떠났습니다.',1,'2023-11-12 08:23:03'),
(871,'enter',20,'티이모님이 입장하셨습니다.',1,'2023-11-12 08:23:08'),
(872,'leave',20,'티이모님이 방을 떠났습니다.',1,'2023-11-12 08:24:17'),
(873,'enter',20,'티이모님이 입장하셨습니다.',1,'2023-11-12 08:24:20'),
(874,'chat',20,'aaaaaaaaaaaaaaaaaaaaaaaaaaaaaaaaaaaaaaaaaaaaaaaaaaaaaaaaaaaa',1,'2023-11-12 08:24:40'),
(875,'leave',20,'티이모님이 방을 떠났습니다.',1,'2023-11-12 08:25:05'),
(876,'enter',20,'티이모님이 입장하셨습니다.',1,'2023-11-12 08:25:44'),
(877,'leave',20,'티이모님이 방을 떠났습니다.',1,'2023-11-12 08:27:13'),
(878,'enter',20,'티이모님이 입장하셨습니다.',1,'2023-11-12 08:27:13'),
(879,'leave',20,'티이모님이 방을 떠났습니다.',1,'2023-11-12 08:27:30'),
(880,'enter',20,'티이모님이 입장하셨습니다.',1,'2023-11-12 08:27:34'),
(881,'leave',20,'티이모님이 방을 떠났습니다.',1,'2023-11-12 08:28:06'),
(882,'enter',20,'티이모님이 입장하셨습니다.',1,'2023-11-12 08:28:06'),
(883,'chat',20,'asd',1,'2023-11-12 08:28:08'),
(884,'leave',20,'티이모님이 방을 떠났습니다.',1,'2023-11-12 08:28:34'),
(885,'enter',20,'티이모님이 입장하셨습니다.',1,'2023-11-12 08:28:34'),
(886,'leave',20,'티이모님이 방을 떠났습니다.',1,'2023-11-12 08:28:45'),
(887,'enter',20,'티이모님이 입장하셨습니다.',1,'2023-11-12 08:28:49'),
(888,'chat',20,'ㅎㅎ',1,'2023-11-12 08:28:54'),
(889,'chat',20,'ㅎㅎㅎㅎㅎㅎㅎㅎㅎㅎㅎㅎㅎㅎㅎㅎㅎㅎㅎㅎㅎㅎㅎ',1,'2023-11-12 08:29:21'),
(890,'leave',20,'티이모님이 방을 떠났습니다.',1,'2023-11-12 08:31:43'),
(891,'enter',20,'티이모님이 입장하셨습니다.',1,'2023-11-12 08:31:43'),
(892,'enter',20,'티이모님이 입장하셨습니다.',1,'2023-11-12 08:31:43'),
(893,'leave',20,'티이모님이 방을 떠났습니다.',1,'2023-11-12 08:31:43'),
(894,'leave',20,'티이모님이 방을 떠났습니다.',1,'2023-11-12 08:35:26'),
(895,'enter',20,'티이모님이 입장하셨습니다.',1,'2023-11-12 08:35:31'),
(896,'leave',20,'티이모님이 방을 떠났습니다.',1,'2023-11-12 08:35:53'),
(897,'enter',20,'티이모님이 입장하셨습니다.',1,'2023-11-12 08:35:57'),
(898,'leave',20,'티이모님이 방을 떠났습니다.',1,'2023-11-12 08:36:18'),
(899,'enter',20,'티이모님이 입장하셨습니다.',1,'2023-11-12 08:36:18'),
(900,'leave',20,'티이모님이 방을 떠났습니다.',1,'2023-11-12 08:37:16'),
(901,'enter',20,'티이모님이 입장하셨습니다.',1,'2023-11-12 08:37:19'),
(902,'leave',20,'티이모님이 방을 떠났습니다.',1,'2023-11-12 08:37:35'),
(903,'enter',20,'티이모님이 입장하셨습니다.',1,'2023-11-12 08:38:21'),
(904,'leave',20,'티이모님이 방을 떠났습니다.',1,'2023-11-12 08:40:35'),
(905,'enter',20,'티이모님이 입장하셨습니다.',1,'2023-11-12 08:40:35'),
(906,'leave',20,'티이모님이 방을 떠났습니다.',1,'2023-11-12 08:40:49'),
(907,'enter',20,'티이모님이 입장하셨습니다.',1,'2023-11-12 08:40:49'),
(908,'leave',20,'티이모님이 방을 떠났습니다.',1,'2023-11-12 08:40:58'),
(909,'enter',20,'티이모님이 입장하셨습니다.',1,'2023-11-12 08:40:58'),
(910,'leave',20,'티이모님이 방을 떠났습니다.',1,'2023-11-12 08:41:17'),
(911,'enter',20,'티이모님이 입장하셨습니다.',1,'2023-11-12 08:41:17'),
(912,'leave',20,'티이모님이 방을 떠났습니다.',1,'2023-11-12 08:41:32'),
(913,'enter',20,'티이모님이 입장하셨습니다.',1,'2023-11-12 08:41:34'),
(914,'leave',20,'티이모님이 방을 떠났습니다.',1,'2023-11-12 08:41:44'),
(915,'enter',20,'티이모님이 입장하셨습니다.',1,'2023-11-12 08:41:46'),
(916,'leave',20,'티이모님이 방을 떠났습니다.',1,'2023-11-12 08:41:59'),
(917,'enter',20,'티이모님이 입장하셨습니다.',1,'2023-11-12 08:42:01'),
(918,'leave',20,'티이모님이 방을 떠났습니다.',1,'2023-11-12 08:42:46'),
(919,'enter',20,'티이모님이 입장하셨습니다.',1,'2023-11-12 08:42:47'),
(920,'leave',20,'티이모님이 방을 떠났습니다.',1,'2023-11-12 08:42:50'),
(921,'enter',20,'티이모님이 입장하셨습니다.',1,'2023-11-12 08:42:54'),
(922,'leave',20,'티이모님이 방을 떠났습니다.',1,'2023-11-12 08:44:12'),
(923,'enter',20,'티이모님이 입장하셨습니다.',1,'2023-11-12 08:44:14'),
(924,'leave',20,'티이모님이 방을 떠났습니다.',1,'2023-11-12 08:44:37'),
(925,'enter',20,'티이모님이 입장하셨습니다.',1,'2023-11-12 08:44:38'),
(926,'leave',20,'티이모님이 방을 떠났습니다.',1,'2023-11-12 08:47:51'),
(927,'enter',20,'티이모님이 입장하셨습니다.',1,'2023-11-12 08:47:52'),
(928,'leave',20,'티이모님이 방을 떠났습니다.',1,'2023-11-12 08:48:30'),
(929,'enter',20,'티이모님이 입장하셨습니다.',1,'2023-11-12 08:48:30'),
(930,'leave',20,'티이모님이 방을 떠났습니다.',1,'2023-11-12 08:49:02'),
(931,'enter',20,'티이모님이 입장하셨습니다.',1,'2023-11-12 08:49:05'),
(932,'leave',20,'티이모님이 방을 떠났습니다.',1,'2023-11-12 08:49:30'),
(933,'enter',20,'티이모님이 입장하셨습니다.',1,'2023-11-12 08:49:44'),
(934,'leave',20,'티이모님이 방을 떠났습니다.',1,'2023-11-12 08:49:56'),
(935,'enter',20,'티이모님이 입장하셨습니다.',1,'2023-11-12 08:49:56'),
(936,'leave',20,'티이모님이 방을 떠났습니다.',1,'2023-11-12 08:51:11'),
(937,'enter',20,'티이모님이 입장하셨습니다.',1,'2023-11-12 08:51:11'),
(938,'leave',20,'티이모님이 방을 떠났습니다.',1,'2023-11-12 08:52:06'),
(939,'enter',20,'티이모님이 입장하셨습니다.',1,'2023-11-12 08:52:06'),
(940,'leave',20,'티이모님이 방을 떠났습니다.',1,'2023-11-12 08:52:12'),
(941,'enter',20,'티이모님이 입장하셨습니다.',1,'2023-11-12 08:52:12'),
(942,'chat',20,'ㅎㅎㅎㅎ',1,'2023-11-12 08:52:20'),
(943,'chat',20,'ㅎㅎㅎㅎㅎㅎㅎㅎㅎㅎㅎㅎㅎㅎ\\',1,'2023-11-12 08:52:23'),
(944,'leave',20,'티이모님이 방을 떠났습니다.',1,'2023-11-12 08:52:31'),
(945,'enter',20,'티이모님이 입장하셨습니다.',1,'2023-11-12 08:52:31'),
(946,'leave',20,'티이모님이 방을 떠났습니다.',1,'2023-11-12 08:52:42'),
(947,'enter',20,'티이모님이 입장하셨습니다.',1,'2023-11-12 08:52:42'),
(948,'leave',20,'티이모님이 방을 떠났습니다.',1,'2023-11-12 08:53:25'),
(949,'enter',20,'티이모님이 입장하셨습니다.',1,'2023-11-12 08:53:25'),
(950,'leave',20,'티이모님이 방을 떠났습니다.',1,'2023-11-12 08:53:32'),
(951,'enter',20,'티이모님이 입장하셨습니다.',1,'2023-11-12 08:53:32'),
(952,'leave',20,'티이모님이 방을 떠났습니다.',1,'2023-11-12 08:53:39'),
(953,'enter',20,'티이모님이 입장하셨습니다.',1,'2023-11-12 08:53:39'),
(954,'leave',20,'티이모님이 방을 떠났습니다.',1,'2023-11-12 08:53:47'),
(955,'enter',20,'티이모님이 입장하셨습니다.',1,'2023-11-12 08:53:48'),
(956,'leave',20,'티이모님이 방을 떠났습니다.',1,'2023-11-12 09:03:40'),
(957,'enter',20,'티이모님이 입장하셨습니다.',1,'2023-11-12 09:03:40'),
(958,'leave',20,'티이모님이 방을 떠났습니다.',1,'2023-11-12 09:03:49'),
(959,'enter',20,'티이모님이 입장하셨습니다.',1,'2023-11-12 09:03:50'),
(960,'leave',20,'티이모님이 방을 떠났습니다.',1,'2023-11-12 09:04:25'),
(961,'enter',20,'티이모님이 입장하셨습니다.',1,'2023-11-12 09:04:25'),
(962,'leave',20,'티이모님이 방을 떠났습니다.',1,'2023-11-12 09:06:07'),
(963,'enter',20,'티이모님이 입장하셨습니다.',1,'2023-11-12 09:06:07'),
(964,'leave',20,'티이모님이 방을 떠났습니다.',1,'2023-11-12 09:06:34'),
(965,'enter',20,'티이모님이 입장하셨습니다.',1,'2023-11-12 09:06:34'),
(966,'leave',20,'티이모님이 방을 떠났습니다.',1,'2023-11-12 09:07:42'),
(967,'enter',20,'티이모님이 입장하셨습니다.',1,'2023-11-12 09:07:43'),
(968,'leave',20,'티이모님이 방을 떠났습니다.',1,'2023-11-12 09:16:02'),
(969,'enter',20,'티이모님이 입장하셨습니다.',1,'2023-11-12 09:16:02'),
(970,'leave',20,'티이모님이 방을 떠났습니다.',1,'2023-11-12 09:16:06'),
(971,'enter',20,'티이모님이 입장하셨습니다.',1,'2023-11-12 09:16:06'),
(972,'leave',20,'티이모님이 방을 떠났습니다.',1,'2023-11-12 09:16:10'),
(973,'enter',20,'티이모님이 입장하셨습니다.',1,'2023-11-12 09:16:11'),
(974,'leave',20,'티이모님이 방을 떠났습니다.',1,'2023-11-12 09:16:16'),
(975,'enter',20,'티이모님이 입장하셨습니다.',1,'2023-11-12 09:16:16'),
(976,'leave',20,'티이모님이 방을 떠났습니다.',1,'2023-11-12 09:16:22'),
(977,'enter',20,'티이모님이 입장하셨습니다.',1,'2023-11-12 09:16:22'),
(978,'leave',20,'티이모님이 방을 떠났습니다.',1,'2023-11-12 09:16:31'),
(979,'enter',20,'티이모님이 입장하셨습니다.',1,'2023-11-12 09:16:31'),
(980,'leave',20,'티이모님이 방을 떠났습니다.',1,'2023-11-12 09:16:41'),
(981,'enter',20,'티이모님이 입장하셨습니다.',1,'2023-11-12 09:16:42'),
(982,'leave',20,'티이모님이 방을 떠났습니다.',1,'2023-11-12 09:17:07'),
(983,'enter',20,'티이모님이 입장하셨습니다.',1,'2023-11-12 09:17:07'),
(984,'leave',20,'티이모님이 방을 떠났습니다.',1,'2023-11-12 09:18:43'),
(985,'enter',20,'티이모님이 입장하셨습니다.',1,'2023-11-12 09:18:43'),
(986,'leave',20,'티이모님이 방을 떠났습니다.',1,'2023-11-12 09:19:03'),
(987,'enter',20,'티이모님이 입장하셨습니다.',1,'2023-11-12 09:19:03'),
(988,'leave',20,'티이모님이 방을 떠났습니다.',1,'2023-11-12 09:19:29'),
(989,'enter',20,'티이모님이 입장하셨습니다.',1,'2023-11-12 09:19:29'),
(990,'leave',20,'티이모님이 방을 떠났습니다.',1,'2023-11-12 09:19:42'),
(991,'enter',20,'티이모님이 입장하셨습니다.',1,'2023-11-12 09:19:42'),
(992,'leave',20,'티이모님이 방을 떠났습니다.',1,'2023-11-12 09:20:02'),
(993,'enter',20,'티이모님이 입장하셨습니다.',1,'2023-11-12 09:20:02'),
(994,'leave',20,'티이모님이 방을 떠났습니다.',1,'2023-11-12 09:20:15'),
(995,'enter',20,'티이모님이 입장하셨습니다.',1,'2023-11-12 09:20:15'),
(996,'leave',20,'티이모님이 방을 떠났습니다.',1,'2023-11-12 09:20:43'),
(997,'enter',20,'티이모님이 입장하셨습니다.',1,'2023-11-12 09:20:44'),
(998,'leave',20,'티이모님이 방을 떠났습니다.',1,'2023-11-12 09:20:52'),
(999,'enter',20,'티이모님이 입장하셨습니다.',1,'2023-11-12 09:20:52'),
(1000,'leave',20,'티이모님이 방을 떠났습니다.',1,'2023-11-12 09:21:50'),
(1001,'enter',20,'티이모님이 입장하셨습니다.',1,'2023-11-12 09:21:50'),
(1002,'leave',20,'티이모님이 방을 떠났습니다.',1,'2023-11-12 09:21:58'),
(1003,'enter',20,'티이모님이 입장하셨습니다.',1,'2023-11-12 09:21:59'),
(1004,'leave',20,'티이모님이 방을 떠났습니다.',1,'2023-11-12 09:22:20'),
(1005,'enter',20,'티이모님이 입장하셨습니다.',1,'2023-11-12 09:22:20'),
(1006,'leave',20,'티이모님이 방을 떠났습니다.',1,'2023-11-12 09:22:21'),
(1007,'enter',20,'ㅎㅎ님이 입장하셨습니다.',2,'2023-11-12 09:22:48'),
(1008,'chat',20,'gg',2,'2023-11-12 09:23:03'),
(1009,'enter',20,'티이모님이 입장하셨습니다.',1,'2023-11-12 09:23:12'),
(1010,'chat',20,'ㅎㅇ',1,'2023-11-12 09:23:17'),
(1011,'leave',20,'티이모님이 방을 떠났습니다.',1,'2023-11-12 09:26:06'),
(1012,'enter',20,'ㅎㅎ님이 입장하셨습니다.',2,'2023-11-12 09:26:06'),
(1013,'enter',20,'티이모님이 입장하셨습니다.',1,'2023-11-12 09:26:06'),
(1014,'leave',20,'ㅎㅎ님이 방을 떠났습니다.',2,'2023-11-12 09:26:06'),
(1015,'leave',20,'ㅎㅎ님이 방을 떠났습니다.',2,'2023-11-12 09:26:06'),
(1016,'leave',20,'티이모님이 방을 떠났습니다.',1,'2023-11-12 09:26:06'),
(1017,'enter',20,'티이모님이 입장하셨습니다.',1,'2023-11-12 09:26:13'),
(1018,'leave',20,'티이모님이 방을 떠났습니다.',1,'2023-11-12 09:27:17'),
(1019,'enter',20,'티이모님이 입장하셨습니다.',1,'2023-11-12 09:27:17'),
(1020,'leave',20,'티이모님이 방을 떠났습니다.',1,'2023-11-12 09:27:25'),
(1021,'enter',20,'티이모님이 입장하셨습니다.',1,'2023-11-12 09:27:25'),
(1022,'leave',20,'티이모님이 방을 떠났습니다.',1,'2023-11-12 09:27:31'),
(1023,'enter',20,'티이모님이 입장하셨습니다.',1,'2023-11-12 09:27:31'),
(1024,'leave',20,'티이모님이 방을 떠났습니다.',1,'2023-11-12 09:27:38'),
(1025,'enter',20,'티이모님이 입장하셨습니다.',1,'2023-11-12 09:27:38'),
(1026,'leave',20,'티이모님이 방을 떠났습니다.',1,'2023-11-12 09:27:44'),
(1027,'enter',20,'티이모님이 입장하셨습니다.',1,'2023-11-12 09:27:44'),
(1028,'leave',20,'티이모님이 방을 떠났습니다.',1,'2023-11-12 09:28:08'),
(1029,'enter',20,'티이모님이 입장하셨습니다.',1,'2023-11-12 09:28:08'),
(1030,'leave',20,'티이모님이 방을 떠났습니다.',1,'2023-11-12 09:29:29'),
(1031,'enter',20,'티이모님이 입장하셨습니다.',1,'2023-11-12 09:29:29'),
(1032,'leave',20,'티이모님이 방을 떠났습니다.',1,'2023-11-12 09:29:35'),
(1033,'enter',20,'티이모님이 입장하셨습니다.',1,'2023-11-12 09:29:35'),
(1034,'leave',20,'티이모님이 방을 떠났습니다.',1,'2023-11-12 09:38:57'),
(1035,'enter',20,'티이모님이 입장하셨습니다.',1,'2023-11-12 09:38:57'),
(1036,'leave',20,'티이모님이 방을 떠났습니다.',1,'2023-11-12 09:39:33'),
(1037,'enter',20,'티이모님이 입장하셨습니다.',1,'2023-11-12 09:39:34'),
(1038,'leave',20,'티이모님이 방을 떠났습니다.',1,'2023-11-12 09:39:35'),
(1039,'enter',20,'티이모님이 입장하셨습니다.',1,'2023-11-12 09:40:22'),
(1040,'leave',20,'티이모님이 방을 떠났습니다.',1,'2023-11-12 09:41:29'),
(1041,'enter',20,'티이모님이 입장하셨습니다.',1,'2023-11-12 09:41:29'),
(1042,'leave',20,'티이모님이 방을 떠났습니다.',1,'2023-11-12 09:42:02'),
(1043,'enter',20,'티이모님이 입장하셨습니다.',1,'2023-11-12 09:42:02'),
(1044,'leave',20,'티이모님이 방을 떠났습니다.',1,'2023-11-12 09:42:24'),
(1045,'enter',20,'티이모님이 입장하셨습니다.',1,'2023-11-12 09:42:24'),
(1046,'leave',20,'티이모님이 방을 떠났습니다.',1,'2023-11-12 09:42:24'),
(1047,'enter',20,'티이모님이 입장하셨습니다.',1,'2023-11-12 09:50:56'),
(1048,'leave',20,'티이모님이 방을 떠났습니다.',1,'2023-11-12 09:50:56'),
(1049,'enter',20,'티이모님이 입장하셨습니다.',1,'2023-11-12 09:50:56'),
(1050,'leave',20,'티이모님이 방을 떠났습니다.',1,'2023-11-12 09:50:56'),
(1051,'enter',20,'티이모님이 입장하셨습니다.',1,'2023-11-12 09:50:56'),
(1052,'leave',20,'티이모님이 방을 떠났습니다.',1,'2023-11-12 09:51:16'),
(1053,'enter',20,'티이모님이 입장하셨습니다.',1,'2023-11-12 09:51:16'),
(1054,'leave',20,'티이모님이 방을 떠났습니다.',1,'2023-11-12 09:52:16'),
(1055,'enter',20,'티이모님이 입장하셨습니다.',1,'2023-11-12 09:52:16'),
(1056,'leave',20,'티이모님이 방을 떠났습니다.',1,'2023-11-12 09:54:10'),
(1057,'enter',20,'티이모님이 입장하셨습니다.',1,'2023-11-12 09:54:10'),
(1058,'leave',20,'티이모님이 방을 떠났습니다.',1,'2023-11-12 09:54:28'),
(1059,'enter',20,'티이모님이 입장하셨습니다.',1,'2023-11-12 09:54:28'),
(1060,'leave',20,'티이모님이 방을 떠났습니다.',1,'2023-11-12 09:54:46'),
(1061,'enter',20,'티이모님이 입장하셨습니다.',1,'2023-11-12 09:54:46'),
(1062,'leave',20,'티이모님이 방을 떠났습니다.',1,'2023-11-12 09:58:20'),
(1063,'enter',20,'티이모님이 입장하셨습니다.',1,'2023-11-12 09:58:20'),
(1064,'enter',20,'ㅎㅎ님이 입장하셨습니다.',2,'2023-11-12 09:58:38'),
(1065,'leave',20,'티이모님이 방을 떠났습니다.',1,'2023-11-12 10:01:00'),
(1066,'leave',20,'ㅎㅎ님이 방을 떠났습니다.',2,'2023-11-12 10:01:01'),
(1067,'enter',20,'티이모님이 입장하셨습니다.',1,'2023-11-12 10:03:39'),
(1068,'leave',20,'티이모님이 방을 떠났습니다.',1,'2023-11-12 10:06:18'),
(1069,'enter',20,'티이모님이 입장하셨습니다.',1,'2023-11-12 10:06:18'),
(1070,'leave',20,'티이모님이 방을 떠났습니다.',1,'2023-11-12 10:06:20'),
(1071,'enter',20,'티이모님이 입장하셨습니다.',1,'2023-11-12 10:06:20'),
(1072,'leave',20,'티이모님이 방을 떠났습니다.',1,'2023-11-12 10:06:21'),
(1073,'enter',20,'티이모님이 입장하셨습니다.',1,'2023-11-12 10:07:16'),
(1074,'leave',20,'티이모님이 방을 떠났습니다.',1,'2023-11-12 10:10:38'),
(1075,'enter',20,'티이모님이 입장하셨습니다.',1,'2023-11-12 10:10:42'),
(1076,'chat',20,'할루',1,'2023-11-12 10:10:59'),
(1077,'chat',20,'잘된다',1,'2023-11-12 10:11:00'),
(1078,'chat',20,'안농',1,'2023-11-12 10:11:06'),
(1079,'chat',20,'붉은색',1,'2023-11-12 10:11:07'),
(1080,'chat',20,'푸른색',1,'2023-11-12 10:11:09'),
(1081,'leave',20,'티이모님이 방을 떠났습니다.',1,'2023-11-12 10:11:12'),
(1082,'enter',20,'티이모님이 입장하셨습니다.',1,'2023-11-12 10:11:14'),
(1083,'chat',20,'붉은색푸른색',1,'2023-11-12 10:11:21'),
(1084,'chat',20,'ㅎㅎㅎㅎㅎㅎㅎㅎㅎㅎㅎㅎㅎㅎㅎㅎㅎㅎㅎㅎㅎㅎㅎㅎㅎㅎㅎㅎㅎㅎㅎㅎㅎㅎㅎㅎㅎㅎㅎㅎㅎㅎㅎㅎㅎㅎㅎㅎㅎㅎㅎㅎㅎㅎㅎㅎㅎㅎㅎㅎㅎㅎㅎㅎㅎㅎㅎㅎㅎㅎㅎㅎㅎㅎㅎㅎㅎㅎㅎㅎㅎㅎㅎㅎㅎㅎㅎㅎㅎㅎㅎ',1,'2023-11-12 10:11:43'),
(1085,'chat',20,'안녕',1,'2023-11-12 10:11:49'),
(1086,'chat',20,'이거 생각보다',1,'2023-11-12 10:11:51'),
(1087,'chat',20,'잘된다 ㅎㅎ',1,'2023-11-12 10:11:52'),
(1088,'chat',20,'채팅도',1,'2023-11-12 10:12:19'),
(1089,'chat',20,'매우 깔꼼쓰해',1,'2023-11-12 10:12:22'),
(1090,'chat',20,'괜차나',1,'2023-11-12 10:12:23'),
(1091,'leave',20,'티이모님이 방을 떠났습니다.',1,'2023-11-12 10:12:35'),
(1092,'enter',20,'티이모님이 입장하셨습니다.',1,'2023-11-12 10:13:17'),
(1093,'enter',20,'ㅎㅎ님이 입장하셨습니다.',2,'2023-11-12 10:14:05'),
(1094,'leave',20,'티이모님이 방을 떠났습니다.',1,'2023-11-12 10:14:27'),
(1095,'enter',20,'ㅎㅎ님이 입장하셨습니다.',2,'2023-11-12 10:14:27'),
(1096,'leave',20,'ㅎㅎ님이 방을 떠났습니다.',2,'2023-11-12 10:14:27'),
(1097,'leave',20,'ㅎㅎ님이 방을 떠났습니다.',2,'2023-11-12 10:14:27'),
(1098,'enter',20,'티이모님이 입장하셨습니다.',1,'2023-11-12 10:14:40'),
(1099,'enter',20,'ㅎㅎ님이 입장하셨습니다.',2,'2023-11-12 10:14:43'),
(1100,'leave',20,'티이모님이 방을 떠났습니다.',1,'2023-11-12 10:14:55'),
(1101,'leave',20,'ㅎㅎ님이 방을 떠났습니다.',2,'2023-11-12 10:14:56'),
(1102,'create',21,NULL,2,'2023-11-12 10:15:26'),
(1103,'enter',21,'ㅎㅎ님이 입장하셨습니다.',2,'2023-11-12 10:15:40'),
(1104,'enter',21,'티이모님이 입장하셨습니다.',1,'2023-11-12 10:15:46'),
(1105,'chat',21,'반가워요!',1,'2023-11-12 10:15:54'),
(1106,'chat',21,'반가워요!',2,'2023-11-12 10:15:58'),
(1107,'chat',21,'전 이만 떠나볼게요!',2,'2023-11-12 10:16:08'),
(1108,'leave',21,'ㅎㅎ님이 방을 떠났습니다.',2,'2023-11-12 10:16:11'),
(1109,'chat',21,'ㅎㅎ',1,'2023-11-12 10:16:28'),
(1110,'chat',21,'ㅎ',1,'2023-11-12 10:16:28'),
(1111,'chat',21,'ㅎㅎ',1,'2023-11-12 10:16:28'),
(1112,'chat',21,'ㅎ',1,'2023-11-12 10:16:29'),
(1113,'chat',21,'ㅎ',1,'2023-11-12 10:16:29'),
(1114,'leave',21,'티이모님이 방을 떠났습니다.',1,'2023-11-12 10:17:43'),
(1115,'enter',21,'티이모님이 입장하셨습니다.',1,'2023-11-12 10:17:44'),
(1116,'chat',21,'ggggggggggggg',1,'2023-11-12 10:18:39'),
(1117,'chat',21,'ㅋㅋㅋㅋㅋㅋㅋㅋㅋㅋㅋㅋㅋㅋㅋㅋㅋㅋㅋㅋㅋㅋㅋㅋㅋㅋㅋㅋㅋㅋㅋㅋㅋㅋㅋㅋㅋㅋㅋㅋㅋㅋㅋㅋㅋㅋㅋㅋㅋㅋㅋㅋㅋㅋㅋㅋㅋㅋㅋㅋㅋㅋㅋㅋㅋㅋㅋㅋㅋㅋㅋㅋㅋㅋㅋㅋㅋㅋㅋㅋㅋㅋㅋㅋㅋㅋㅋㅋㅋㅋㅋㅋㅋㅋㅋㅋㅋㅋㅋㅋㅋㅋㅋㅋㅋㅋㅋㅋㅋㅋㅋㅋㅋㅋㅋㅋㅋㅋㅋㅋㅋㅋㅋㅋㅋㅋㅋㅋㅋㅋㅋㅋㅋㅋㅋㅋㅋㅋㅋㅋㅋㅋㅋㅋㅋㅋㅋㅋㅋㅋㅋㅋㅋㅋㅋㅋㅋㅋㅋㅋㅋㅋㅋㅋㅋㅋㅋㅋㅋㅋㅋㅋㅋㅋㅋㅋㅋㅋㅋㅋㅋㅋㅋㅋㅋㅋㅋㅋㅋㅋㅋㅋㅋㅋㅋㅋㅋㅋㅋㅋㅋㅋㅋㅋㅋㅋㅋㅋㅋㅋㅋㅋㅋㅋㅋㅋㅋㅋㅋㅋㅋㅋㅋㅋㅋㅋㅋㅋㅋㅋㅋㅋㅋㅋㅋㅋㅋㅋㅋㅋㅋㅋㅋㅋㅋㅋㅋㅋㅋㅋㅋㅋㅋㅋㅋㅋㅋㅋㅋㅋㅋㅋㅋㅋㅋㅋㅋㅋㅋㅋㅋㅋㅋㅋㅋㅋㅋㅋㅋㅋㅋㅋㅋㅋㅋㅋㅋㅋㅋㅋㅋㅋㅋㅋㅋㅋㅋㅋㅋㅋㅋㅋㅋㅋㅋㅋㅋㅋㅋㅋㅋㅋㅋㅋㅋㅋㅋㅋㅋㅋㅋㅋㅋㅋㅋㅋㅋㅋㅋㅋㅋㅋㅋㅋㅋㅋㅋㅋㅋㅋㅋㅋㅋㅋㅋㅋㅋㅋㅋㅋㅋㅋㅋㅋㅋㅋㅋㅋㅋㅋㅋㅋㅋㅋㅋㅋㅋㅋㅋㅋㅋㅋㅋㅋㅋㅋㅋㅋㅋㅋㅋㅋㅋㅋㅋㅋㅋㅋㅋㅋㅋㅋㅋㅋㅋㅋㅋㅋㅋㅋㅋㅋㅋㅋㅋㅋㅋㅋㅋㅋㅋㅋㅋㅋㅋㅋㅋㅋㅋㅋㅋㅋㅋㅋㅋㅋㅋㅋㅋㅋㅋㅋㅋㅋㅋㅋㅋㅋㅋㅋㅋㅋㅋㅋㅋㅋㅋㅋㅋㅋㅋㅋㅋㅋㅋㅋㅋㅋㅋㅋㅋㅋㅋㅋㅋㅋㅋㅋㅋㅋㅋㅋㅋㅋㅋㅋㅋㅋㅋㅋㅋㅋㅋㅋㅋㅋㅋㅋㅋㅋㅋㅋㅋㅋㅋㅋㅋㅋㅋㅋ',1,'2023-11-12 10:18:47'),
(1118,'chat',21,'ㅋㅋㅋㅋㅋㅋㅋㅋㅋㅋㅋㅋㅋㅋㅋㅋㅋㅋㅋㅋㅋㅋㅋㅋㅋㅋㅋㅋㅋㅋㅋㅋㅋㅋㅋㅋㅋㅋㅋㅋㅋㅋㅋㅋㅋㅋㅋㅋㅋㅋㅋㅋㅋㅋㅋㅋㅋㅋㅋㅋㅋㅋㅋㅋㅋㅋㅋㅋㅋㅋㅋㅋㅋㅋㅋㅋㅋㅋㅋㅋㅋㅋㅋㅋㅋㅋㅋㅋㅋㅋㅋㅋㅋㅋㅋㅋㅋㅋㅋㅋㅋㅋㅋㅋㅋㅋㅋㅋㅋㅋㅋㅋㅋㅋㅋㅋㅋㅋㅋㅋㅋㅋㅋㅋㅋㅋㅋㅋㅋㅋㅋㅋㅋㅋㅋㅋㅋㅋㅋㅋㅋㅋㅋㅋㅋㅋㅋㅋㅋㅋㅋㅋㅋㅋㅋㅋㅋㅋㅋㅋㅋㅋㅋㅋㅋㅋㅋㅋㅋㅋㅋㅋㅋㅋㅋㅋㅋㅋㅋㅋㅋㅋㅋㅋㅋㅋㅋㅋㅋㅋㅋㅋㅋㅋㅋㅋㅋㅋㅋㅋㅋㅋㅋㅋㅋㅋㅋㅋㅋㅋㅋㅋㅋㅋㅋㅋㅋㅋㅋㅋㅋㅋㅋㅋㅋㅋㅋㅋㅋㅋㅋㅋㅋㅋㅋㅋㅋㅋㅋㅋㅋㅋㅋㅋㅋㅋㅋㅋㅋㅋㅋㅋㅋㅋㅋㅋㅋㅋㅋㅋㅋㅋㅋㅋㅋㅋㅋㅋㅋㅋㅋㅋㅋㅋㅋㅋㅋㅋㅋㅋㅋㅋㅋㅋㅋㅋㅋㅋㅋㅋㅋㅋㅋㅋㅋㅋㅋㅋㅋㅋㅋㅋㅋㅋㅋㅋㅋㅋㅋㅋㅋㅋㅋㅋㅋㅋㅋㅋㅋㅋㅋㅋㅋㅋㅋㅋㅋㅋㅋㅋㅋㅋㅋㅋㅋㅋㅋㅋㅋㅋㅋㅋㅋㅋㅋㅋㅋㅋㅋㅋㅋㅋㅋㅋㅋㅋㅋㅋㅋㅋㅋㅋㅋㅋㅋㅋㅋㅋㅋㅋㅋㅋㅋㅋㅋㅋㅋㅋㅋㅋㅋㅋㅋㅋㅋㅋㅋㅋㅋㅋㅋㅋㅋㅋㅋㅋㅋㅋㅋㅋㅋㅋㅋㅋㅋㅋㅋㅋㅋㅋㅋㅋㅋㅋㅋㅋㅋㅋㅋㅋㅋㅋㅋㅋㅋㅋㅋㅋㅋㅋㅋㅋㅋㅋㅋㅋㅋㅋㅋㅋㅋㅋㅋㅋㅋㅋㅋㅋㅋㅋㅋㅋㅋㅋㅋㅋㅋㅋㅋㅋㅋㅋㅋㅋㅋㅋㅋㅋㅋㅋㅋㅋㅋㅋㅋㅋㅋㅋㅋㅋㅋㅋㅋㅋㅋㅋㅋㅋㅋㅋㅋㅋㅋㅋㅋㅋㅋㅋㅋㅋ',1,'2023-11-12 10:18:51'),
(1119,'leave',21,'티이모님이 방을 떠났습니다.',1,'2023-11-12 12:07:19'),
(1120,'enter',20,'티이모2님이 입장하셨습니다.',1,'2023-11-14 05:31:10'),
(1121,'leave',20,'티이모2님이 방을 떠났습니다.',1,'2023-11-14 05:31:29'),
(1122,'enter',20,'티이모2님이 입장하셨습니다.',1,'2023-11-14 05:31:32'),
(1123,'chat',20,'aaaaaaaaaaaaaaaaaaaaa',1,'2023-11-14 05:31:46'),
(1124,'leave',20,'티이모2님이 방을 떠났습니다.',1,'2023-11-14 05:32:11'),
(1125,'enter',20,'티이모2님이 입장하셨습니다.',1,'2023-11-14 05:32:11'),
(1126,'leave',20,'티이모ㅎㅎ님이 방을 떠났습니다.',1,'2023-11-14 05:34:41'),
(1127,'enter',20,'티이모ㅎㅎ님이 입장하셨습니다.',1,'2023-11-14 05:39:17'),
(1128,'leave',20,'티이모ㅎㅎ님이 방을 떠났습니다.',1,'2023-11-14 05:42:31'),
(1129,'enter',20,'티이모ㅎㅎ님이 입장하셨습니다.',1,'2023-11-14 05:42:32'),
(1130,'leave',20,'티이모ㅎㅎ님이 방을 떠났습니다.',1,'2023-11-14 05:43:31'),
(1131,'enter',20,'티이모ㅎㅎ님이 입장하셨습니다.',1,'2023-11-14 05:43:31'),
(1132,'leave',20,'티이모님이 방을 떠났습니다.',1,'2023-11-14 05:47:20'),
(1133,'enter',20,'티이모님이 입장하셨습니다.',1,'2023-11-14 05:47:22'),
(1134,'chat',20,'gg',1,'2023-11-14 05:47:25'),
(1135,'leave',20,'티이모님이 방을 떠났습니다.',1,'2023-11-14 05:54:15'),
(1136,'enter',20,'티이모님이 입장하셨습니다.',1,'2023-11-14 05:54:15'),
(1137,'leave',20,'티이모님이 방을 떠났습니다.',1,'2023-11-14 05:55:00'),
(1138,'enter',20,'티이모님이 입장하셨습니다.',1,'2023-11-14 05:55:00'),
(1139,'leave',20,'티이모님이 방을 떠났습니다.',1,'2023-11-14 06:16:03'),
(1140,'enter',20,'티이모님이 입장하셨습니다.',1,'2023-11-14 06:19:38'),
(1141,'enter',20,'티이모님이 입장하셨습니다.',1,'2023-11-14 06:20:22'),
(1142,'leave',20,'티이모님이 방을 떠났습니다.',1,'2023-11-14 06:20:22'),
(1143,'leave',20,'티이모님이 방을 떠났습니다.',1,'2023-11-14 06:20:37'),
(1144,'enter',20,'티이모님이 입장하셨습니다.',1,'2023-11-14 06:20:37'),
(1145,'leave',20,'티이모님이 방을 떠났습니다.',1,'2023-11-14 06:21:07'),
(1146,'enter',20,'티이모님이 입장하셨습니다.',1,'2023-11-14 06:21:07'),
(1147,'leave',20,'티이모님이 방을 떠났습니다.',1,'2023-11-14 06:21:08'),
(1148,'enter',20,'티이모님이 입장하셨습니다.',1,'2023-11-14 06:21:09'),
(1149,'leave',20,'티이모님이 방을 떠났습니다.',1,'2023-11-14 06:21:56'),
(1150,'enter',20,'티이모님이 입장하셨습니다.',1,'2023-11-14 06:22:42'),
(1151,'leave',20,'티이모님이 방을 떠났습니다.',1,'2023-11-14 06:23:02'),
(1152,'enter',20,'티이모님이 입장하셨습니다.',1,'2023-11-14 06:23:02'),
(1153,'leave',20,'티이모g님이 방을 떠났습니다.',1,'2023-11-14 06:27:36'),
(1154,'enter',20,'티이모g님이 입장하셨습니다.',1,'2023-11-14 06:27:36'),
(1155,'leave',20,'티이모g님이 방을 떠났습니다.',1,'2023-11-14 06:27:36'),
(1156,'leave',20,'티이모g님이 방을 떠났습니다.',1,'2023-11-14 06:27:36'),
(1157,'enter',20,'티이모g님이 입장하셨습니다.',1,'2023-11-14 06:27:38'),
(1158,'enter',20,'ㅎㅎ님이 입장하셨습니다.',2,'2023-11-14 06:30:54'),
(1159,'leave',20,'티이모님이 방을 떠났습니다.',1,'2023-11-14 06:31:12'),
(1160,'enter',20,'티이모님이 입장하셨습니다.',1,'2023-11-14 06:31:14'),
(1161,'leave',20,'ㅎㅎ님이 방을 떠났습니다.',2,'2023-11-14 06:34:12'),
(1162,'leave',20,'티이모님이 방을 떠났습니다.',1,'2023-11-14 06:34:12'),
(1163,'enter',20,'티이모s님이 입장하셨습니다.',1,'2023-11-14 06:35:04'),
(1164,'enter',20,'a님이 입장하셨습니다.',2,'2023-11-14 06:35:07'),
(1165,'chat',20,'닉넴 변경 테스트',2,'2023-11-14 06:35:31'),
(1166,'chat',20,'ㅎㅎ',2,'2023-11-14 06:35:40'),
(1167,'chat',20,'ㅎㅎ',2,'2023-11-14 06:36:01'),
(1168,'chat',20,'ㅎ',1,'2023-11-14 06:36:06'),
(1169,'chat',20,'ㅎ',2,'2023-11-14 06:36:07'),
(1170,'leave',20,'티이모ㅎ님이 방을 떠났습니다.',1,'2023-11-14 06:37:46'),
(1171,'enter',20,'티이모ㅎ님이 입장하셨습니다.',1,'2023-11-14 06:37:50'),
(1172,'leave',20,'티이모ㅎ님이 방을 떠났습니다.',1,'2023-11-14 06:38:47'),
(1173,'leave',20,'a님이 방을 떠났습니다.',2,'2023-11-14 06:38:47'),
(1174,'enter',20,'티이모ㅎ님이 입장하셨습니다.',1,'2023-11-14 06:39:36'),
(1175,'leave',20,'티이모님이 방을 떠났습니다.',1,'2023-11-14 06:39:43'),
(1176,'create',22,NULL,1,'2023-11-14 06:39:46'),
(1177,'enter',22,'티이모님이 입장하셨습니다.',1,'2023-11-14 06:39:53'),
(1178,'leave',22,'티이모님이 방을 떠났습니다.',1,'2023-11-14 06:39:55'),
(1179,'enter',20,'티이모님이 입장하셨습니다.',1,'2023-11-14 06:40:48'),
(1180,'chat',20,'안녕하세요!',1,'2023-11-14 06:40:53'),
(1181,'chat',20,'ㅎㅎ',1,'2023-11-14 06:41:10'),
(1182,'leave',20,'티이모님이 방을 떠났습니다.',1,'2023-11-14 06:41:29'),
(1183,'enter',20,'티이모님이 입장하셨습니다.',1,'2023-11-14 10:16:50'),
(1184,'enter',20,'티이모님이 입장하셨습니다.',1,'2023-11-14 10:17:26'),
(1185,'leave',20,'티이모님이 방을 떠났습니다.',1,'2023-11-14 10:17:27'),
(1186,'enter',20,'티이모님이 입장하셨습니다.',1,'2023-11-14 10:17:48'),
(1187,'leave',20,'티이모님이 방을 떠났습니다.',1,'2023-11-14 10:17:48'),
(1188,'leave',20,'티이모님이 방을 떠났습니다.',1,'2023-11-14 10:18:24'),
(1189,'enter',20,'티이모님이 입장하셨습니다.',1,'2023-11-14 10:18:25'),
(1190,'leave',20,'티이모님이 방을 떠났습니다.',1,'2023-11-14 10:18:36'),
(1191,'enter',20,'티이모님이 입장하셨습니다.',1,'2023-11-14 10:18:36'),
(1192,'leave',20,'티이모님이 방을 떠났습니다.',1,'2023-11-14 10:25:10'),
(1193,'enter',20,'티이모님이 입장하셨습니다.',1,'2023-11-14 10:26:45'),
(1194,'chat',20,'asd',1,'2023-11-14 10:27:13'),
(1195,'enter',20,'ㅎㅎ님이 입장하셨습니다.',2,'2023-11-14 10:27:23'),
(1196,'leave',20,'ㅎㅎ님이 방을 떠났습니다.',2,'2023-11-14 10:29:57'),
(1197,'leave',20,'티이모님이 방을 떠났습니다.',1,'2023-11-14 10:29:57'),
(1198,'enter',20,'티이모님이 입장하셨습니다.',1,'2023-11-14 10:31:00'),
(1199,'enter',20,'ㅎㅎ님이 입장하셨습니다.',2,'2023-11-14 10:31:22'),
(1200,'leave',20,'ㅎㅎ님이 방을 떠났습니다.',2,'2023-11-14 10:32:23'),
(1201,'leave',20,'티이모님이 방을 떠났습니다.',1,'2023-11-14 10:32:23'),
(1202,'enter',20,'티이모님이 입장하셨습니다.',1,'2023-11-14 10:33:21'),
(1203,'leave',20,'티이모님이 방을 떠났습니다.',1,'2023-11-14 10:38:54'),
(1204,'enter',20,'티이모님이 입장하셨습니다.',1,'2023-11-14 10:38:54'),
(1205,'enter',20,'티이모님이 입장하셨습니다.',1,'2023-11-14 10:38:54'),
(1206,'leave',20,'티이모님이 방을 떠났습니다.',1,'2023-11-14 10:38:54'),
(1207,'leave',20,'티이모님이 방을 떠났습니다.',1,'2023-11-14 10:38:54'),
(1208,'leave',20,'티이모님이 방을 떠났습니다.',1,'2023-11-14 10:38:54'),
(1209,'enter',20,'티이모님이 입장하셨습니다.',1,'2023-11-14 11:04:41'),
(1210,'chat',20,'ggg',1,'2023-11-14 11:04:46'),
(1211,'chat',20,'zzz',1,'2023-11-14 11:04:51'),
(1212,'leave',20,'티이모님이 방을 떠났습니다.',1,'2023-11-14 12:31:25'),
(1213,'enter',20,'티이모님이 입장하셨습니다.',1,'2023-11-17 05:46:12'),
(1214,'chat',20,'안녕',1,'2023-11-17 05:46:22'),
(1215,'enter',20,'ㅎㅎ님이 입장하셨습니다.',2,'2023-11-17 05:46:39'),
(1216,'chat',20,'ㅎㅇ',2,'2023-11-17 05:46:41'),
(1217,'leave',20,'티이모님이 방을 떠났습니다.',1,'2023-11-17 05:51:01'),
(1218,'enter',20,'티이모님이 입장하셨습니다.',1,'2023-11-17 05:51:09'),
(1219,'chat',20,'gd',1,'2023-11-17 05:51:11'),
(1220,'leave',20,'티이모님이 방을 떠났습니다.',1,'2023-11-17 05:52:38'),
(1221,'leave',20,'ㅎㅎ님이 방을 떠났습니다.',2,'2023-11-17 05:52:38'),
(1222,'enter',20,'티이모님이 입장하셨습니다.',1,'2023-11-17 05:52:50'),
(1223,'enter',20,'ㅎㅎ님이 입장하셨습니다.',2,'2023-11-17 05:52:59'),
(1224,'chat',20,'asd',2,'2023-11-17 05:53:01'),
(1225,'leave',20,'ㅎㅎ님이 방을 떠났습니다.',2,'2023-11-17 05:53:35'),
(1226,'leave',20,'티이모님이 방을 떠났습니다.',1,'2023-11-17 05:53:35'),
(1227,'enter',20,'ㅎㅎ님이 입장하셨습니다.',2,'2023-11-17 05:53:44'),
(1228,'enter',20,'티이모님이 입장하셨습니다.',1,'2023-11-17 05:53:47'),
(1229,'chat',20,'a',1,'2023-11-17 05:53:48'),
(1230,'chat',20,'a',1,'2023-11-17 05:53:53'),
(1231,'chat',20,'qwe',1,'2023-11-17 05:53:58'),
(1232,'chat',20,'테스트',1,'2023-11-17 05:54:01'),
(1233,'chat',20,'테스트',1,'2023-11-17 05:54:09'),
(1234,'chat',20,'테스트',1,'2023-11-17 05:54:15'),
(1235,'chat',20,'테스트',1,'2023-11-17 05:54:20'),
(1236,'chat',20,'테스트',1,'2023-11-17 05:54:23'),
(1237,'chat',20,'테스트',1,'2023-11-17 05:54:26'),
(1238,'chat',20,'ㅎㅎ',2,'2023-11-17 05:54:37'),
(1239,'chat',20,'g',2,'2023-11-17 05:56:22'),
(1240,'chat',20,'asd',2,'2023-11-17 05:56:23'),
(1241,'chat',20,'qwqㅂㅂㅂㅂㅂㅂㅂㅂㅂㅂㅂㅂㅂㅂㅂㅂㅂㅂㅂㅂㅂㅂㅂㅂㅂㅂㅂㅂㅂㅂㅂㅂㅂㅂ',2,'2023-11-17 05:56:29'),
(1242,'chat',20,'ㅂㅈㄷ',2,'2023-11-17 05:56:31'),
(1243,'chat',20,'ㅁㄴㅇ',1,'2023-11-17 05:56:34'),
(1244,'leave',20,'티이모님이 방을 떠났습니다.',1,'2023-11-17 05:59:03'),
(1245,'leave',20,'ㅎㅎ님이 방을 떠났습니다.',2,'2023-11-17 05:59:03'),
(1246,'enter',20,'티이모님이 입장하셨습니다.',1,'2023-11-17 06:10:14'),
(1247,'leave',20,'티이모님이 방을 떠났습니다.',1,'2023-11-17 06:10:24'),
(1248,'enter',20,'티이모님이 입장하셨습니다.',1,'2023-11-17 06:12:20'),
(1249,'chat',20,'asd',1,'2023-11-17 06:12:23'),
(1250,'enter',20,'ㅎㅎ님이 입장하셨습니다.',2,'2023-11-17 06:12:35'),
(1251,'chat',20,'asd',2,'2023-11-17 06:12:37'),
(1252,'chat',20,'asd',1,'2023-11-17 06:12:44'),
(1253,'chat',20,'asd',2,'2023-11-17 06:12:49'),
(1254,'leave',20,'ㅎㅎ님이 방을 떠났습니다.',2,'2023-11-17 06:13:12'),
(1255,'leave',20,'티이모님이 방을 떠났습니다.',1,'2023-11-17 06:13:12'),
(1256,'enter',20,'티이모님이 입장하셨습니다.',1,'2023-11-17 06:13:37'),
(1257,'enter',20,'ㅎㅎ님이 입장하셨습니다.',2,'2023-11-17 06:13:42'),
(1258,'chat',20,'asd',1,'2023-11-17 06:13:45'),
(1259,'leave',20,'ㅎㅎ님이 방을 떠났습니다.',2,'2023-11-17 06:13:50'),
(1260,'leave',20,'티이모님이 방을 떠났습니다.',1,'2023-11-17 06:13:50'),
(1261,'enter',20,'ㅎㅎ님이 입장하셨습니다.',2,'2023-11-17 06:13:50'),
(1262,'enter',20,'티이모님이 입장하셨습니다.',1,'2023-11-17 06:13:50'),
(1263,'leave',20,'ㅎㅎ님이 방을 떠났습니다.',2,'2023-11-17 06:14:06'),
(1264,'leave',20,'티이모님이 방을 떠났습니다.',1,'2023-11-17 06:14:06'),
(1265,'enter',20,'티이모님이 입장하셨습니다.',1,'2023-11-17 06:14:24'),
(1266,'enter',20,'ㅎㅎ님이 입장하셨습니다.',2,'2023-11-17 06:14:36'),
(1267,'chat',20,'a',2,'2023-11-17 06:14:38'),
(1268,'enter',20,'ㅎㅎ님이 입장하셨습니다.',2,'2023-11-17 06:19:33'),
(1269,'chat',20,'asd',2,'2023-11-17 06:19:35'),
(1270,'chat',20,'asd',2,'2023-11-17 06:19:39'),
(1271,'chat',20,'asd',1,'2023-11-17 06:19:53'),
(1272,'leave',20,'ㅎㅎ님이 방을 떠났습니다.',2,'2023-11-17 06:20:14'),
(1273,'leave',20,'ㅎㅎ님이 방을 떠났습니다.',2,'2023-11-17 06:24:34'),
(1274,'leave',20,'티이모님이 방을 떠났습니다.',1,'2023-11-17 06:24:34'),
(1275,'enter',20,'ㅎㅎ님이 입장하셨습니다.',2,'2023-11-17 06:24:35'),
(1276,'enter',20,'티이모님이 입장하셨습니다.',1,'2023-11-17 06:24:35'),
(1277,'chat',20,'asd',1,'2023-11-17 06:24:37'),
(1278,'chat',20,'qwe',2,'2023-11-17 06:24:40'),
(1279,'chat',20,'asd',2,'2023-11-17 06:24:45'),
(1280,'leave',20,'티이모님이 방을 떠났습니다.',1,'2023-11-17 06:25:27'),
(1281,'enter',20,'티이모님이 입장하셨습니다.',1,'2023-11-17 06:25:27'),
(1282,'leave',20,'ㅎㅎ님이 방을 떠났습니다.',2,'2023-11-17 06:25:27'),
(1283,'enter',20,'ㅎㅎ님이 입장하셨습니다.',2,'2023-11-17 06:25:28'),
(1284,'leave',20,'티이모님이 방을 떠났습니다.',1,'2023-11-17 06:25:40'),
(1285,'leave',20,'ㅎㅎ님이 방을 떠났습니다.',2,'2023-11-17 06:25:40'),
(1286,'enter',20,'티이모님이 입장하셨습니다.',1,'2023-11-17 06:25:40'),
(1287,'enter',20,'ㅎㅎ님이 입장하셨습니다.',2,'2023-11-17 06:25:40'),
(1288,'leave',20,'티이모님이 방을 떠났습니다.',1,'2023-11-17 06:25:57'),
(1289,'enter',20,'티이모님이 입장하셨습니다.',1,'2023-11-17 06:25:57'),
(1290,'leave',20,'ㅎㅎ님이 방을 떠났습니다.',2,'2023-11-17 06:25:57'),
(1291,'enter',20,'ㅎㅎ님이 입장하셨습니다.',2,'2023-11-17 06:25:57'),
(1292,'enter',20,'티이모님이 입장하셨습니다.',1,'2023-11-17 06:26:07'),
(1293,'leave',20,'티이모님이 방을 떠났습니다.',1,'2023-11-17 06:26:07'),
(1294,'leave',20,'ㅎㅎ님이 방을 떠났습니다.',2,'2023-11-17 06:26:07'),
(1295,'enter',20,'ㅎㅎ님이 입장하셨습니다.',2,'2023-11-17 06:26:07'),
(1296,'leave',20,'티이모님이 방을 떠났습니다.',1,'2023-11-17 06:26:19'),
(1297,'enter',20,'티이모님이 입장하셨습니다.',1,'2023-11-17 06:26:19'),
(1298,'leave',20,'ㅎㅎ님이 방을 떠났습니다.',2,'2023-11-17 06:26:19'),
(1299,'enter',20,'ㅎㅎ님이 입장하셨습니다.',2,'2023-11-17 06:26:19'),
(1300,'leave',20,'티이모님이 방을 떠났습니다.',1,'2023-11-17 06:26:27'),
(1301,'leave',20,'ㅎㅎ님이 방을 떠났습니다.',2,'2023-11-17 06:26:27'),
(1302,'enter',20,'티이모님이 입장하셨습니다.',1,'2023-11-17 06:26:27'),
(1303,'enter',20,'ㅎㅎ님이 입장하셨습니다.',2,'2023-11-17 06:26:27'),
(1304,'leave',20,'티이모님이 방을 떠났습니다.',1,'2023-11-17 06:26:38'),
(1305,'enter',20,'티이모님이 입장하셨습니다.',1,'2023-11-17 06:26:38'),
(1306,'leave',20,'ㅎㅎ님이 방을 떠났습니다.',2,'2023-11-17 06:26:38'),
(1307,'enter',20,'ㅎㅎ님이 입장하셨습니다.',2,'2023-11-17 06:26:39'),
(1308,'chat',20,'asd',2,'2023-11-17 06:26:47'),
(1309,'chat',20,'asd',2,'2023-11-17 06:26:50'),
(1310,'leave',20,'ㅎㅎ님이 방을 떠났습니다.',2,'2023-11-17 06:27:14'),
(1311,'leave',20,'티이모님이 방을 떠났습니다.',1,'2023-11-17 06:27:14'),
(1312,'enter',20,'ㅎㅎ님이 입장하셨습니다.',2,'2023-11-17 06:27:14'),
(1313,'enter',20,'티이모님이 입장하셨습니다.',1,'2023-11-17 06:27:14'),
(1314,'chat',20,'asd',2,'2023-11-17 06:27:18'),
(1315,'leave',20,'티이모님이 방을 떠났습니다.',1,'2023-11-17 06:27:26'),
(1316,'enter',20,'티이모님이 입장하셨습니다.',1,'2023-11-17 06:27:26'),
(1317,'leave',20,'ㅎㅎ님이 방을 떠났습니다.',2,'2023-11-17 06:27:26'),
(1318,'enter',20,'ㅎㅎ님이 입장하셨습니다.',2,'2023-11-17 06:27:26'),
(1319,'leave',20,'ㅎㅎ님이 방을 떠났습니다.',2,'2023-11-17 06:29:42'),
(1320,'leave',20,'티이모님이 방을 떠났습니다.',1,'2023-11-17 06:29:42'),
(1321,'enter',20,'ㅎㅎ님이 입장하셨습니다.',2,'2023-11-17 06:29:43'),
(1322,'enter',20,'티이모님이 입장하셨습니다.',1,'2023-11-17 06:29:43'),
(1323,'leave',20,'티이모님이 방을 떠났습니다.',1,'2023-11-17 06:30:04'),
(1324,'leave',20,'ㅎㅎ님이 방을 떠났습니다.',2,'2023-11-17 06:30:04'),
(1325,'enter',20,'ㅎㅎ님이 입장하셨습니다.',2,'2023-11-17 06:30:27'),
(1326,'enter',20,'티이모님이 입장하셨습니다.',1,'2023-11-17 06:30:29'),
(1327,'chat',20,'a',2,'2023-11-17 06:30:32'),
(1328,'chat',20,'a',2,'2023-11-17 06:30:45'),
(1329,'leave',20,'티이모님이 방을 떠났습니다.',1,'2023-11-17 06:32:40'),
(1330,'leave',20,'ㅎㅎ님이 방을 떠났습니다.',2,'2023-11-17 06:32:40'),
(1331,'enter',20,'ㅎㅎ님이 입장하셨습니다.',2,'2023-11-17 06:32:49'),
(1332,'enter',20,'티이모님이 입장하셨습니다.',1,'2023-11-17 06:32:51'),
(1333,'chat',20,'a',1,'2023-11-17 06:32:53'),
(1334,'leave',20,'ㅎㅎ님이 방을 떠났습니다.',2,'2023-11-17 06:33:09'),
(1335,'leave',20,'티이모님이 방을 떠났습니다.',1,'2023-11-17 06:33:09'),
(1336,'enter',20,'티이모님이 입장하셨습니다.',1,'2023-11-17 06:33:17'),
(1337,'enter',20,'ㅎㅎ님이 입장하셨습니다.',2,'2023-11-17 06:33:19'),
(1338,'chat',20,'a',1,'2023-11-17 06:33:21'),
(1339,'chat',20,'a',2,'2023-11-17 06:33:25'),
(1340,'leave',20,'ㅎㅎ님이 방을 떠났습니다.',2,'2023-11-17 06:33:59'),
(1341,'leave',20,'티이모님이 방을 떠났습니다.',1,'2023-11-17 06:33:59'),
(1342,'enter',20,'ㅎㅎ님이 입장하셨습니다.',2,'2023-11-17 06:33:59'),
(1343,'enter',20,'티이모님이 입장하셨습니다.',1,'2023-11-17 06:33:59'),
(1344,'chat',20,'a',1,'2023-11-17 06:34:09'),
(1345,'chat',20,'a',2,'2023-11-17 06:34:12'),
(1346,'leave',20,'ㅎㅎ님이 방을 떠났습니다.',2,'2023-11-17 06:34:22'),
(1347,'leave',20,'티이모님이 방을 떠났습니다.',1,'2023-11-17 06:34:22'),
(1348,'enter',20,'티이모님이 입장하셨습니다.',1,'2023-11-17 06:34:28'),
(1349,'enter',20,'ㅎㅎ님이 입장하셨습니다.',2,'2023-11-17 06:34:30'),
(1350,'chat',20,'a',2,'2023-11-17 06:34:32'),
(1351,'chat',20,'s',1,'2023-11-17 06:34:35'),
(1352,'leave',20,'ㅎㅎ님이 방을 떠났습니다.',2,'2023-11-17 06:34:39'),
(1353,'leave',20,'티이모님이 방을 떠났습니다.',1,'2023-11-17 06:34:39'),
(1354,'enter',20,'티이모님이 입장하셨습니다.',1,'2023-11-17 06:34:43'),
(1355,'enter',20,'ㅎㅎ님이 입장하셨습니다.',2,'2023-11-17 06:34:50'),
(1356,'chat',20,'q',2,'2023-11-17 06:34:51'),
(1357,'chat',20,'s',2,'2023-11-17 06:34:54'),
(1358,'leave',20,'ㅎㅎ님이 방을 떠났습니다.',2,'2023-11-17 06:35:12'),
(1359,'enter',20,'ㅎㅎ님이 입장하셨습니다.',2,'2023-11-17 06:35:12'),
(1360,'leave',20,'티이모님이 방을 떠났습니다.',1,'2023-11-17 06:35:12'),
(1361,'enter',20,'티이모님이 입장하셨습니다.',1,'2023-11-17 06:35:13'),
(1362,'chat',20,'a',2,'2023-11-17 06:35:17'),
(1363,'leave',20,'ㅎㅎ님이 방을 떠났습니다.',2,'2023-11-17 06:35:31'),
(1364,'leave',20,'티이모님이 방을 떠났습니다.',1,'2023-11-17 06:35:31'),
(1365,'enter',20,'ㅎㅎ님이 입장하셨습니다.',2,'2023-11-17 06:35:31'),
(1366,'leave',20,'ㅎㅎ님이 방을 떠났습니다.',2,'2023-11-17 06:35:31'),
(1367,'enter',20,'ㅎㅎ님이 입장하셨습니다.',2,'2023-11-17 06:35:32'),
(1368,'enter',20,'티이모님이 입장하셨습니다.',1,'2023-11-17 06:35:32'),
(1369,'leave',20,'티이모님이 방을 떠났습니다.',1,'2023-11-17 06:35:32'),
(1370,'enter',20,'티이모님이 입장하셨습니다.',1,'2023-11-17 06:35:32'),
(1371,'chat',20,'a',2,'2023-11-17 06:35:33'),
(1372,'leave',20,'ㅎㅎ님이 방을 떠났습니다.',2,'2023-11-17 06:35:52'),
(1373,'leave',20,'티이모님이 방을 떠났습니다.',1,'2023-11-17 06:35:52'),
(1374,'enter',20,'티이모님이 입장하셨습니다.',1,'2023-11-17 06:36:08'),
(1375,'enter',20,'ㅎㅎ님이 입장하셨습니다.',2,'2023-11-17 06:36:10'),
(1376,'chat',20,'a',1,'2023-11-17 06:36:12'),
(1377,'chat',20,'e',1,'2023-11-17 06:36:16'),
(1378,'chat',20,'qwe',2,'2023-11-17 06:36:31'),
(1379,'chat',20,'asd',2,'2023-11-17 06:36:32'),
(1380,'leave',20,'ㅎㅎ님이 방을 떠났습니다.',2,'2023-11-17 06:36:53'),
(1381,'leave',20,'티이모님이 방을 떠났습니다.',1,'2023-11-17 06:36:53'),
(1382,'enter',20,'ㅎㅎ님이 입장하셨습니다.',2,'2023-11-17 06:36:53'),
(1383,'enter',20,'티이모님이 입장하셨습니다.',1,'2023-11-17 06:36:54'),
(1384,'leave',20,'티이모님이 방을 떠났습니다.',1,'2023-11-17 06:36:54'),
(1385,'enter',20,'티이모님이 입장하셨습니다.',1,'2023-11-17 06:36:54'),
(1386,'leave',20,'ㅎㅎ님이 방을 떠났습니다.',2,'2023-11-17 06:36:54'),
(1387,'enter',20,'ㅎㅎ님이 입장하셨습니다.',2,'2023-11-17 06:36:54'),
(1388,'chat',20,'a',1,'2023-11-17 06:36:56'),
(1389,'leave',20,'ㅎㅎ님이 방을 떠났습니다.',2,'2023-11-17 06:37:14'),
(1390,'enter',20,'ㅎㅎ님이 입장하셨습니다.',2,'2023-11-17 06:37:14'),
(1391,'leave',20,'티이모님이 방을 떠났습니다.',1,'2023-11-17 06:37:15'),
(1392,'enter',20,'티이모님이 입장하셨습니다.',1,'2023-11-17 06:37:15'),
(1393,'chat',20,'a',1,'2023-11-17 06:37:17'),
(1394,'chat',20,'asd',1,'2023-11-17 06:37:21'),
(1395,'chat',20,'q',1,'2023-11-17 06:37:21'),
(1396,'chat',20,'w',1,'2023-11-17 06:37:22'),
(1397,'chat',20,'e',1,'2023-11-17 06:37:22'),
(1398,'chat',20,'z',1,'2023-11-17 06:37:23'),
(1399,'chat',20,'x',1,'2023-11-17 06:37:23'),
(1400,'chat',20,'c',1,'2023-11-17 06:37:23'),
(1401,'chat',20,'a',1,'2023-11-17 06:37:32'),
(1402,'chat',20,'asd',2,'2023-11-17 06:37:39'),
(1403,'chat',20,'a',2,'2023-11-17 06:37:43'),
(1404,'chat',20,'asd',2,'2023-11-17 06:37:47'),
(1405,'chat',20,'q',1,'2023-11-17 06:37:53'),
(1406,'leave',20,'티이모님이 방을 떠났습니다.',1,'2023-11-17 06:37:58'),
(1407,'enter',20,'티이모님이 입장하셨습니다.',1,'2023-11-17 06:38:06'),
(1408,'chat',20,'qwe',2,'2023-11-17 06:38:09'),
(1409,'leave',20,'ㅎㅎ님이 방을 떠났습니다.',2,'2023-11-17 06:39:16'),
(1410,'enter',20,'ㅎㅎ님이 입장하셨습니다.',2,'2023-11-17 06:39:16'),
(1411,'leave',20,'티이모님이 방을 떠났습니다.',1,'2023-11-17 06:39:16'),
(1412,'enter',20,'티이모님이 입장하셨습니다.',1,'2023-11-17 06:39:16'),
(1413,'leave',20,'ㅎㅎ님이 방을 떠났습니다.',2,'2023-11-17 06:39:20'),
(1414,'leave',20,'티이모님이 방을 떠났습니다.',1,'2023-11-17 06:39:21'),
(1415,'enter',20,'ㅎㅎ님이 입장하셨습니다.',2,'2023-11-17 06:40:18'),
(1416,'leave',20,'ㅎㅎ님이 방을 떠났습니다.',2,'2023-11-17 06:40:20'),
(1417,'enter',20,'ㅎㅎ님이 입장하셨습니다.',2,'2023-11-17 06:40:58'),
(1418,'leave',20,'ㅎㅎ님이 방을 떠났습니다.',2,'2023-11-17 06:40:59'),
(1419,'enter',20,'ㅎㅎ님이 입장하셨습니다.',2,'2023-11-17 06:41:01'),
(1420,'leave',20,'ㅎㅎ님이 방을 떠났습니다.',2,'2023-11-17 06:41:02'),
(1421,'enter',20,'ㅎㅎ님이 입장하셨습니다.',2,'2023-11-17 06:41:03'),
(1422,'chat',20,'a',2,'2023-11-17 06:41:06'),
(1423,'leave',20,'ㅎㅎ님이 방을 떠났습니다.',2,'2023-11-17 06:41:09'),
(1424,'enter',20,'티이모님이 입장하셨습니다.',1,'2023-11-17 06:42:47'),
(1425,'enter',20,'ㅎㅎ님이 입장하셨습니다.',2,'2023-11-17 06:42:56'),
(1426,'chat',20,'asd',2,'2023-11-17 06:42:58'),
(1427,'leave',20,'티이모님이 방을 떠났습니다.',1,'2023-11-17 06:44:29'),
(1428,'enter',20,'티이모님이 입장하셨습니다.',1,'2023-11-17 06:44:29'),
(1429,'leave',20,'ㅎㅎ님이 방을 떠났습니다.',2,'2023-11-17 06:44:29'),
(1430,'enter',20,'ㅎㅎ님이 입장하셨습니다.',2,'2023-11-17 06:44:29'),
(1431,'chat',20,'a',1,'2023-11-17 06:44:37'),
(1432,'leave',20,'티이모님이 방을 떠났습니다.',1,'2023-11-17 06:45:20'),
(1433,'enter',20,'티이모님이 입장하셨습니다.',1,'2023-11-17 06:45:20'),
(1434,'leave',20,'티이모님이 방을 떠났습니다.',1,'2023-11-17 06:45:20'),
(1435,'leave',20,'ㅎㅎ님이 방을 떠났습니다.',2,'2023-11-17 06:45:20'),
(1436,'enter',20,'ㅎㅎ님이 입장하셨습니다.',2,'2023-11-17 06:45:21'),
(1437,'leave',20,'ㅎㅎ님이 방을 떠났습니다.',2,'2023-11-17 06:45:21'),
(1438,'enter',20,'티이모님이 입장하셨습니다.',1,'2023-11-17 06:45:27'),
(1439,'leave',20,'티이모님이 방을 떠났습니다.',1,'2023-11-17 06:45:32'),
(1440,'enter',20,'티이모님이 입장하셨습니다.',1,'2023-11-17 06:45:57'),
(1441,'leave',20,'티이모님이 방을 떠났습니다.',1,'2023-11-17 06:45:59'),
(1442,'enter',20,'티이모님이 입장하셨습니다.',1,'2023-11-17 06:46:03'),
(1443,'enter',20,'티이모님이 입장하셨습니다.',1,'2023-11-17 06:46:41'),
(1444,'leave',20,'티이모님이 방을 떠났습니다.',1,'2023-11-17 06:46:41'),
(1445,'leave',20,'티이모님이 방을 떠났습니다.',1,'2023-11-17 06:46:41'),
(1446,'enter',20,'티이모님이 입장하셨습니다.',1,'2023-11-17 06:47:04'),
(1447,'leave',20,'티이모님이 방을 떠났습니다.',1,'2023-11-17 06:47:34'),
(1448,'enter',20,'티이모님이 입장하셨습니다.',1,'2023-11-17 06:47:34'),
(1449,'leave',20,'티이모님이 방을 떠났습니다.',1,'2023-11-17 06:47:48'),
(1450,'enter',20,'티이모님이 입장하셨습니다.',1,'2023-11-17 06:47:48'),
(1451,'leave',20,'티이모님이 방을 떠났습니다.',1,'2023-11-17 06:49:50'),
(1452,'enter',20,'티이모님이 입장하셨습니다.',1,'2023-11-17 06:49:50'),
(1453,'leave',20,'티이모님이 방을 떠났습니다.',1,'2023-11-17 06:51:26'),
(1454,'enter',20,'티이모님이 입장하셨습니다.',1,'2023-11-17 06:51:26'),
(1455,'leave',20,'티이모님이 방을 떠났습니다.',1,'2023-11-17 06:51:34'),
(1456,'enter',20,'티이모님이 입장하셨습니다.',1,'2023-11-17 06:51:34'),
(1457,'leave',20,'티이모님이 방을 떠났습니다.',1,'2023-11-17 06:51:40'),
(1458,'enter',20,'티이모님이 입장하셨습니다.',1,'2023-11-17 06:51:40'),
(1459,'leave',20,'티이모님이 방을 떠났습니다.',1,'2023-11-17 06:52:01'),
(1460,'enter',20,'티이모님이 입장하셨습니다.',1,'2023-11-17 06:52:01'),
(1461,'leave',20,'티이모님이 방을 떠났습니다.',1,'2023-11-17 06:52:13'),
(1462,'enter',20,'티이모님이 입장하셨습니다.',1,'2023-11-17 06:52:13'),
(1463,'leave',20,'티이모님이 방을 떠났습니다.',1,'2023-11-17 06:52:20'),
(1464,'enter',20,'티이모님이 입장하셨습니다.',1,'2023-11-17 06:52:20'),
(1465,'leave',20,'티이모님이 방을 떠났습니다.',1,'2023-11-17 06:52:25'),
(1466,'enter',20,'티이모님이 입장하셨습니다.',1,'2023-11-17 06:52:25'),
(1467,'leave',20,'티이모님이 방을 떠났습니다.',1,'2023-11-17 06:52:29'),
(1468,'enter',20,'티이모님이 입장하셨습니다.',1,'2023-11-17 06:52:29'),
(1469,'leave',20,'티이모님이 방을 떠났습니다.',1,'2023-11-17 06:53:22'),
(1470,'enter',20,'티이모님이 입장하셨습니다.',1,'2023-11-17 06:53:22'),
(1471,'leave',20,'티이모님이 방을 떠났습니다.',1,'2023-11-17 06:53:28'),
(1472,'enter',20,'티이모님이 입장하셨습니다.',1,'2023-11-17 06:53:28'),
(1473,'leave',20,'티이모님이 방을 떠났습니다.',1,'2023-11-17 06:53:36'),
(1474,'enter',20,'티이모님이 입장하셨습니다.',1,'2023-11-17 06:53:36'),
(1475,'leave',20,'티이모님이 방을 떠났습니다.',1,'2023-11-17 06:54:23'),
(1476,'enter',20,'티이모님이 입장하셨습니다.',1,'2023-11-17 06:54:23'),
(1477,'leave',20,'티이모님이 방을 떠났습니다.',1,'2023-11-17 06:54:36'),
(1478,'enter',20,'티이모님이 입장하셨습니다.',1,'2023-11-17 06:54:36'),
(1479,'enter',20,'티이모님이 입장하셨습니다.',1,'2023-11-17 06:55:03'),
(1480,'leave',20,'티이모님이 방을 떠났습니다.',1,'2023-11-17 06:55:03'),
(1481,'leave',20,'티이모님이 방을 떠났습니다.',1,'2023-11-17 06:55:03'),
(1482,'enter',20,'티이모님이 입장하셨습니다.',1,'2023-11-17 06:55:26'),
(1483,'leave',20,'티이모님이 방을 떠났습니다.',1,'2023-11-17 06:55:30'),
(1484,'enter',20,'티이모님이 입장하셨습니다.',1,'2023-11-17 06:55:32'),
(1485,'leave',20,'티이모님이 방을 떠났습니다.',1,'2023-11-17 06:55:58'),
(1486,'enter',20,'티이모님이 입장하셨습니다.',1,'2023-11-17 06:55:58'),
(1487,'leave',20,'티이모님이 방을 떠났습니다.',1,'2023-11-17 06:56:36'),
(1488,'enter',20,'티이모님이 입장하셨습니다.',1,'2023-11-17 06:56:36'),
(1489,'leave',20,'티이모님이 방을 떠났습니다.',1,'2023-11-17 06:56:39'),
(1490,'enter',20,'티이모님이 입장하셨습니다.',1,'2023-11-17 06:56:39'),
(1491,'leave',20,'티이모님이 방을 떠났습니다.',1,'2023-11-17 06:56:49'),
(1492,'enter',20,'티이모님이 입장하셨습니다.',1,'2023-11-17 06:56:49'),
(1493,'leave',20,'티이모님이 방을 떠났습니다.',1,'2023-11-17 07:01:57'),
(1494,'enter',20,'티이모님이 입장하셨습니다.',1,'2023-11-17 07:02:50'),
(1495,'leave',20,'티이모님이 방을 떠났습니다.',1,'2023-11-17 07:06:20'),
(1496,'enter',20,'티이모님이 입장하셨습니다.',1,'2023-11-17 07:06:20'),
(1497,'leave',20,'티이모님이 방을 떠났습니다.',1,'2023-11-17 07:06:27'),
(1498,'enter',20,'티이모님이 입장하셨습니다.',1,'2023-11-17 07:07:05'),
(1499,'leave',20,'티이모님이 방을 떠났습니다.',1,'2023-11-17 07:07:55'),
(1500,'enter',20,'티이모님이 입장하셨습니다.',1,'2023-11-17 07:07:55'),
(1501,'leave',20,'티이모님이 방을 떠났습니다.',1,'2023-11-17 07:09:23'),
(1502,'enter',20,'티이모님이 입장하셨습니다.',1,'2023-11-17 07:09:42'),
(1503,'create',23,NULL,1,'2023-11-17 07:11:54'),
(1504,'enter',23,'티이모님이 입장하셨습니다.',1,'2023-11-17 07:12:15'),
(1505,'enter',22,'티이모님이 입장하셨습니다.',1,'2023-11-17 07:12:21'),
(1506,'enter',21,'티이모님이 입장하셨습니다.',1,'2023-11-17 07:12:27'),
(1507,'create',24,NULL,1,'2023-11-17 07:15:33'),
(1508,'enter',24,'티이모님이 입장하셨습니다.',1,'2023-11-17 07:15:35'),
(1509,'chat',24,'ㅁㄴㅇ',1,'2023-11-17 07:15:37'),
(1510,'leave',24,'티이모님이 방을 떠났습니다.',1,'2023-11-17 07:15:44'),
(1511,'enter',24,'티이모님이 입장하셨습니다.',1,'2023-11-17 07:16:38'),
(1512,'chat',24,'하이',1,'2023-11-17 07:16:53'),
(1513,'chat',24,'반갑',1,'2023-11-17 07:17:07'),
(1514,'chat',24,'😍',1,'2023-11-17 07:17:24'),
(1515,'chat',24,'🐶',1,'2023-11-17 07:17:39'),
(1516,'leave',24,'티이모님이 방을 떠났습니다.',1,'2023-11-17 07:38:24'),
(1517,'enter',24,'티이모님이 입장하셨습니다.',1,'2023-11-17 07:38:26'),
(1518,'leave',24,'티이모님이 방을 떠났습니다.',1,'2023-11-17 07:38:55'),
(1519,'enter',24,'티이모님이 입장하셨습니다.',1,'2023-11-17 07:38:59'),
(1520,'leave',24,'티이모님이 방을 떠났습니다.',1,'2023-11-17 07:44:35'),
(1521,'enter',24,'티이모님이 입장하셨습니다.',1,'2023-11-17 11:20:51'),
(1522,'leave',24,'티이모님이 방을 떠났습니다.',1,'2023-11-17 11:20:53'),
(1523,'enter',24,'티이모님이 입장하셨습니다.',1,'2023-11-17 11:24:31'),
(1524,'leave',24,'티이모님이 방을 떠났습니다.',1,'2023-11-17 11:24:33'),
(1525,'enter',24,'티이모님이 입장하셨습니다.',1,'2023-11-17 11:26:42'),
(1526,'leave',24,'티이모님이 방을 떠났습니다.',1,'2023-11-17 11:26:43'),
(1527,'enter',24,'티이모님이 입장하셨습니다.',1,'2023-11-17 11:26:50'),
(1528,'leave',24,'티이모님이 방을 떠났습니다.',1,'2023-11-17 11:27:06'),
(1529,'enter',24,'티이모님이 입장하셨습니다.',1,'2023-11-17 11:27:12'),
(1530,'leave',24,'티이모님이 방을 떠났습니다.',1,'2023-11-17 11:30:33'),
(1531,'enter',24,'티이모님이 입장하셨습니다.',1,'2023-11-17 11:30:35'),
(1532,'leave',24,'티이모님이 방을 떠났습니다.',1,'2023-11-17 11:30:38'),
(1533,'enter',24,'티이모님이 입장하셨습니다.',1,'2023-11-17 11:30:45'),
(1534,'leave',24,'티이모님이 방을 떠났습니다.',1,'2023-11-17 11:30:54'),
(1535,'enter',24,'티이모님이 입장하셨습니다.',1,'2023-11-17 11:30:57'),
(1536,'leave',24,'티이모님이 방을 떠났습니다.',1,'2023-11-17 11:32:53'),
(1537,'enter',24,'티이모님이 입장하셨습니다.',1,'2023-11-17 11:32:58'),
(1538,'leave',24,'티이모님이 방을 떠났습니다.',1,'2023-11-17 11:33:03'),
(1539,'enter',24,'티이모님이 입장하셨습니다.',1,'2023-11-17 11:33:14'),
(1540,'leave',24,'티이모님이 방을 떠났습니다.',1,'2023-11-17 11:33:16'),
(1541,'enter',24,'티이모님이 입장하셨습니다.',1,'2023-11-17 11:44:42'),
(1542,'leave',24,'티이모님이 방을 떠났습니다.',1,'2023-11-17 11:44:52'),
(1543,'enter',24,'티이모님이 입장하셨습니다.',1,'2023-11-17 11:59:01'),
(1544,'leave',24,'티이모님이 방을 떠났습니다.',1,'2023-11-17 11:59:29'),
(1545,'enter',24,'티이모님이 입장하셨습니다.',1,'2023-11-17 12:00:35'),
(1546,'leave',24,'티이모님이 방을 떠났습니다.',1,'2023-11-17 12:03:12'),
(1547,'enter',24,'티이모님이 입장하셨습니다.',1,'2023-11-17 12:04:51'),
(1548,'leave',24,'티이모님이 방을 떠났습니다.',1,'2023-11-17 12:05:03'),
(1549,'enter',24,'티이모님이 입장하셨습니다.',1,'2023-11-17 12:05:25'),
(1550,'leave',24,'티이모님이 방을 떠났습니다.',1,'2023-11-17 12:05:42'),
(1551,'enter',24,'티이모님이 입장하셨습니다.',1,'2023-11-17 12:10:30'),
(1552,'leave',24,'티이모님이 방을 떠났습니다.',1,'2023-11-17 12:10:45'),
(1553,'enter',24,'티이모님이 입장하셨습니다.',1,'2023-11-17 12:11:36'),
(1554,'leave',24,'티이모님이 방을 떠났습니다.',1,'2023-11-17 12:12:31'),
(1555,'enter',24,'티이모님이 입장하셨습니다.',1,'2023-11-17 12:12:47'),
(1556,'leave',24,'티이모님이 방을 떠났습니다.',1,'2023-11-17 12:32:02'),
(1557,'enter',24,'티이모님이 입장하셨습니다.',1,'2023-11-17 12:32:16'),
(1558,'leave',24,'티이모님이 방을 떠났습니다.',1,'2023-11-17 12:33:16'),
(1559,'enter',24,'티이모님이 입장하셨습니다.',1,'2023-11-17 12:33:31'),
(1560,'leave',24,'티이모님이 방을 떠났습니다.',1,'2023-11-17 12:34:13'),
(1561,'enter',24,'티이모님이 입장하셨습니다.',1,'2023-11-17 12:37:04'),
(1562,'leave',24,'티이모님이 방을 떠났습니다.',1,'2023-11-17 12:37:31'),
(1563,'enter',24,'티이모님이 입장하셨습니다.',1,'2023-11-17 12:37:43'),
(1564,'leave',24,'티이모님이 방을 떠났습니다.',1,'2023-11-17 12:37:55'),
(1565,'enter',24,'티이모님이 입장하셨습니다.',1,'2023-11-17 12:39:05'),
(1566,'leave',24,'티이모님이 방을 떠났습니다.',1,'2023-11-17 12:40:09'),
(1567,'enter',24,'티이모님이 입장하셨습니다.',1,'2023-11-17 12:40:45'),
(1568,'leave',24,'티이모님이 방을 떠났습니다.',1,'2023-11-17 12:41:39'),
(1569,'enter',24,'티이모님이 입장하셨습니다.',1,'2023-11-17 12:42:23'),
(1570,'leave',24,'티이모님이 방을 떠났습니다.',1,'2023-11-17 12:45:42'),
(1571,'enter',24,'티이모님이 입장하셨습니다.',1,'2023-11-17 12:46:00'),
(1572,'leave',24,'티이모님이 방을 떠났습니다.',1,'2023-11-17 12:46:41'),
(1573,'enter',24,'티이모님이 입장하셨습니다.',1,'2023-11-17 12:46:46'),
(1574,'leave',24,'티이모님이 방을 떠났습니다.',1,'2023-11-17 12:47:30'),
(1575,'enter',24,'티이모님이 입장하셨습니다.',1,'2023-11-17 12:50:09'),
(1576,'leave',24,'티이모님이 방을 떠났습니다.',1,'2023-11-17 12:50:22'),
(1577,'enter',24,'티이모님이 입장하셨습니다.',1,'2023-11-17 12:50:31'),
(1578,'leave',24,'티이모님이 방을 떠났습니다.',1,'2023-11-17 12:58:07'),
(1579,'enter',24,'티이모님이 입장하셨습니다.',1,'2023-11-17 13:03:46'),
(1580,'leave',24,'티이모님이 방을 떠났습니다.',1,'2023-11-17 13:03:50'),
(1581,'enter',24,'티이모님이 입장하셨습니다.',1,'2023-11-17 13:04:02'),
(1582,'leave',24,'티이모님이 방을 떠났습니다.',1,'2023-11-17 13:04:31'),
(1583,'enter',24,'티이모님이 입장하셨습니다.',1,'2023-11-17 13:05:03'),
(1584,'leave',24,'티이모님이 방을 떠났습니다.',1,'2023-11-17 13:07:43'),
(1585,'enter',24,'티이모님이 입장하셨습니다.',1,'2023-11-17 13:07:48'),
(1586,'leave',24,'티이모님이 방을 떠났습니다.',1,'2023-11-17 13:07:53'),
(1587,'enter',24,'티이모님이 입장하셨습니다.',1,'2023-11-17 13:10:33'),
(1588,'enter',24,'티이모님이 입장하셨습니다.',1,'2023-11-18 02:49:10'),
(1589,'leave',24,'티이모님이 방을 떠났습니다.',1,'2023-11-18 02:49:14'),
(1590,'enter',24,'티이모님이 입장하셨습니다.',1,'2023-11-18 02:49:34'),
(1591,'leave',24,'티이모님이 방을 떠났습니다.',1,'2023-11-18 02:49:38'),
(1592,'enter',24,'티이모님이 입장하셨습니다.',1,'2023-11-18 02:52:03'),
(1593,'leave',24,'티이모님이 방을 떠났습니다.',1,'2023-11-18 02:52:38'),
(1594,'enter',24,'티이모님이 입장하셨습니다.',1,'2023-11-18 02:52:55'),
(1595,'leave',24,'티이모님이 방을 떠났습니다.',1,'2023-11-18 02:52:59'),
(1596,'enter',24,'티이모님이 입장하셨습니다.',1,'2023-11-18 02:53:03'),
(1597,'leave',24,'티이모님이 방을 떠났습니다.',1,'2023-11-18 02:55:17'),
(1598,'enter',24,'티이모님이 입장하셨습니다.',1,'2023-11-18 02:58:55'),
(1599,'leave',24,'티이모님이 방을 떠났습니다.',1,'2023-11-18 02:59:01'),
(1600,'enter',24,'티이모님이 입장하셨습니다.',1,'2023-11-18 03:06:48'),
(1601,'leave',24,'티이모님이 방을 떠났습니다.',1,'2023-11-18 03:06:51'),
(1602,'enter',24,'티이모님이 입장하셨습니다.',1,'2023-11-18 03:07:00'),
(1603,'leave',24,'티이모님이 방을 떠났습니다.',1,'2023-11-18 03:08:32'),
(1604,'enter',24,'티이모님이 입장하셨습니다.',1,'2023-11-18 09:22:32'),
(1605,'leave',24,'티이모님이 방을 떠났습니다.',1,'2023-11-18 09:22:55'),
(1606,'enter',24,'티이모님이 입장하셨습니다.',1,'2023-11-18 09:24:08'),
(1607,'leave',24,'티이모님이 방을 떠났습니다.',1,'2023-11-18 09:25:03'),
(1608,'enter',24,'티이모님이 입장하셨습니다.',1,'2023-11-18 09:25:18'),
(1609,'leave',24,'티이모님이 방을 떠났습니다.',1,'2023-11-18 09:25:22'),
(1610,'enter',24,'티이모님이 입장하셨습니다.',1,'2023-11-18 09:27:15'),
(1611,'leave',24,'티이모님이 방을 떠났습니다.',1,'2023-11-18 09:27:44'),
(1612,'enter',24,'티이모님이 입장하셨습니다.',1,'2023-11-18 09:27:48'),
(1613,'leave',24,'티이모님이 방을 떠났습니다.',1,'2023-11-18 09:27:52'),
(1614,'enter',24,'티이모님이 입장하셨습니다.',1,'2023-11-18 09:27:59'),
(1615,'leave',24,'티이모님이 방을 떠났습니다.',1,'2023-11-18 09:28:06'),
(1616,'enter',24,'티이모님이 입장하셨습니다.',1,'2023-11-18 09:28:40'),
(1617,'enter',24,'티이모님이 입장하셨습니다.',1,'2023-11-18 09:46:24'),
(1618,'leave',24,'티이모님이 방을 떠났습니다.',1,'2023-11-18 09:46:55'),
(1619,'enter',24,'티이모님이 입장하셨습니다.',1,'2023-11-18 10:07:34'),
(1620,'chat',24,'안녕',1,'2023-11-18 10:07:38'),
(1621,'leave',24,'티이모님이 방을 떠났습니다.',1,'2023-11-18 10:07:42'),
(1622,'enter',24,'티이모님이 입장하셨습니다.',1,'2023-11-18 13:48:03'),
(1623,'leave',24,'티이모님이 방을 떠났습니다.',1,'2023-11-18 13:53:24'),
(1624,'enter',24,'티이모님이 입장하셨습니다.',1,'2023-11-18 13:53:42'),
(1625,'leave',24,'티이모님이 방을 떠났습니다.',1,'2023-11-18 13:53:57'),
(1626,'enter',24,'티이모님이 입장하셨습니다.',1,'2023-11-18 14:20:14'),
(1627,'leave',24,'티이모님이 방을 떠났습니다.',1,'2023-11-18 14:20:15'),
(1628,'enter',24,'티이모님이 입장하셨습니다.',1,'2023-11-18 14:28:45'),
(1629,'leave',24,'티이모님이 방을 떠났습니다.',1,'2023-11-18 14:28:46'),
(1630,'enter',24,'티이모님이 입장하셨습니다.',1,'2023-11-20 05:05:51'),
(1631,'leave',24,'티이모님이 방을 떠났습니다.',1,'2023-11-20 05:05:52'),
(1633,'enter',24,'티이모님이 입장하셨습니다.',1,'2023-11-21 12:04:28'),
(1634,'leave',24,'티이모님이 방을 떠났습니다.',1,'2023-11-21 12:04:39'),
(1635,'enter',24,'티이모님이 입장하셨습니다.',1,'2023-11-21 12:55:21'),
(1636,'leave',24,'티이모님이 방을 떠났습니다.',1,'2023-11-21 12:56:37'),
(1637,'enter',24,'티이모님이 입장하셨습니다.',1,'2023-11-21 12:56:37'),
(1638,'leave',24,'티이모님이 방을 떠났습니다.',1,'2023-11-21 12:56:59'),
(1639,'enter',24,'티이모님이 입장하셨습니다.',1,'2023-11-21 12:56:59'),
(1640,'leave',24,'티이모님이 방을 떠났습니다.',1,'2023-11-21 12:57:29'),
(1641,'enter',24,'티이모님이 입장하셨습니다.',1,'2023-11-21 12:57:29'),
(1642,'leave',24,'티이모님이 방을 떠났습니다.',1,'2023-11-21 12:57:38'),
(1643,'enter',24,'티이모님이 입장하셨습니다.',1,'2023-11-27 12:12:59'),
(1644,'leave',24,'티이모님이 방을 떠났습니다.',1,'2023-11-27 12:13:54'),
(1645,'enter',24,'티이모님이 입장하셨습니다.',1,'2023-11-28 06:33:32'),
(1646,'leave',24,'티이모님이 방을 떠났습니다.',1,'2023-11-28 06:36:29'),
(1647,'enter',24,'티이모님이 입장하셨습니다.',1,'2023-11-28 06:36:29'),
(1648,'leave',24,'티이모님이 방을 떠났습니다.',1,'2023-11-28 06:37:03'),
(1649,'enter',24,'티이모님이 입장하셨습니다.',1,'2023-11-28 06:37:03'),
(1650,'leave',24,'티이모님이 방을 떠났습니다.',1,'2023-11-28 06:38:15'),
(1651,'enter',24,'티이모님이 입장하셨습니다.',1,'2023-11-28 06:38:15'),
(1652,'leave',24,'티이모님이 방을 떠났습니다.',1,'2023-11-28 06:38:21'),
(1653,'enter',24,'티이모님이 입장하셨습니다.',1,'2023-11-28 06:38:23'),
(1654,'enter',24,'ㅎㅎ님이 입장하셨습니다.',2,'2023-11-28 06:38:37'),
(1655,'chat',24,'ㅎㅎ',2,'2023-11-28 06:38:50'),
(1656,'create',26,NULL,1,'2023-11-28 06:40:30'),
(1657,'enter',26,'티이모님이 입장하셨습니다.',1,'2023-11-28 06:40:36'),
(1658,'leave',26,'티이모님이 방을 떠났습니다.',1,'2023-11-28 06:41:52'),
(1659,'enter',26,'티이모님이 입장하셨습니다.',1,'2023-11-28 06:41:52'),
(1660,'leave',26,'티이모님이 방을 떠났습니다.',1,'2023-11-28 06:42:05'),
(1661,'enter',26,'티이모님이 입장하셨습니다.',1,'2023-11-28 06:42:05'),
(1662,'leave',26,'티이모님이 방을 떠났습니다.',1,'2023-11-28 06:42:09'),
(1663,'enter',26,'티이모님이 입장하셨습니다.',1,'2023-11-28 06:42:09'),
(1664,'leave',26,'티이모님이 방을 떠났습니다.',1,'2023-11-28 06:42:16'),
(1665,'enter',26,'티이모님이 입장하셨습니다.',1,'2023-11-28 06:42:16'),
(1666,'leave',26,'티이모님이 방을 떠났습니다.',1,'2023-11-28 06:42:38'),
(1667,'enter',26,'티이모님이 입장하셨습니다.',1,'2023-11-28 06:42:39'),
(1668,'leave',26,'티이모님이 방을 떠났습니다.',1,'2023-11-28 06:42:51'),
(1669,'enter',26,'티이모님이 입장하셨습니다.',1,'2023-11-28 06:42:51'),
(1670,'leave',26,'티이모님이 방을 떠났습니다.',1,'2023-11-28 06:43:07'),
(1671,'enter',26,'티이모님이 입장하셨습니다.',1,'2023-11-28 06:43:07'),
(1672,'leave',26,'티이모님이 방을 떠났습니다.',1,'2023-11-28 06:44:11'),
(1673,'enter',26,'티이모님이 입장하셨습니다.',1,'2023-11-28 06:44:11'),
(1674,'leave',26,'티이모님이 방을 떠났습니다.',1,'2023-11-28 06:44:26'),
(1675,'enter',26,'티이모님이 입장하셨습니다.',1,'2023-11-28 06:44:33'),
(1676,'leave',26,'티이모님이 방을 떠났습니다.',1,'2023-11-28 06:45:14'),
(1677,'enter',26,'티이모님이 입장하셨습니다.',1,'2023-11-28 06:45:14'),
(1678,'leave',26,'티이모님이 방을 떠났습니다.',1,'2023-11-28 06:46:06'),
(1679,'enter',26,'티이모님이 입장하셨습니다.',1,'2023-11-28 06:46:06'),
(1680,'leave',26,'티이모님이 방을 떠났습니다.',1,'2023-11-28 06:51:38'),
(1681,'enter',26,'티이모님이 입장하셨습니다.',1,'2023-11-28 06:51:43'),
(1682,'leave',26,'티이모님이 방을 떠났습니다.',1,'2023-11-28 06:55:38'),
(1683,'enter',26,'티이모님이 입장하셨습니다.',1,'2023-11-28 06:55:38'),
(1684,'leave',26,'티이모님이 방을 떠났습니다.',1,'2023-11-28 06:55:44'),
(1685,'enter',26,'티이모님이 입장하셨습니다.',1,'2023-11-28 06:55:44'),
(1686,'leave',26,'티이모님이 방을 떠났습니다.',1,'2023-11-28 06:55:55'),
(1687,'enter',26,'티이모님이 입장하셨습니다.',1,'2023-11-28 06:55:55'),
(1688,'leave',26,'티이모님이 방을 떠났습니다.',1,'2023-11-28 06:59:37'),
(1689,'enter',26,'티이모님이 입장하셨습니다.',1,'2023-11-28 06:59:37'),
(1690,'leave',26,'티이모님이 방을 떠났습니다.',1,'2023-11-28 06:59:37'),
(1691,'enter',26,'티이모님이 입장하셨습니다.',1,'2023-11-28 06:59:43'),
(1692,'leave',26,'티이모님이 방을 떠났습니다.',1,'2023-11-28 07:04:27'),
(1693,'enter',26,'티이모님이 입장하셨습니다.',1,'2023-11-28 07:04:27'),
(1694,'leave',26,'티이모님이 방을 떠났습니다.',1,'2023-11-28 07:05:34'),
(1695,'enter',26,'티이모님이 입장하셨습니다.',1,'2023-11-28 07:05:34'),
(1696,'leave',26,'티이모님이 방을 떠났습니다.',1,'2023-11-28 07:06:20'),
(1697,'enter',26,'티이모님이 입장하셨습니다.',1,'2023-11-28 07:06:20'),
(1698,'leave',26,'티이모님이 방을 떠났습니다.',1,'2023-11-28 07:08:51'),
(1699,'enter',26,'티이모님이 입장하셨습니다.',1,'2023-11-28 07:08:51'),
(1700,'leave',26,'티이모님이 방을 떠났습니다.',1,'2023-11-28 07:09:45'),
(1701,'enter',26,'티이모님이 입장하셨습니다.',1,'2023-11-28 07:10:04'),
(1702,'leave',26,'티이모님이 방을 떠났습니다.',1,'2023-11-28 07:10:29'),
(1703,'enter',26,'티이모님이 입장하셨습니다.',1,'2023-11-28 07:10:29'),
(1704,'leave',26,'티이모님이 방을 떠났습니다.',1,'2023-11-28 07:10:58'),
(1705,'enter',26,'티이모님이 입장하셨습니다.',1,'2023-11-28 07:10:58'),
(1706,'leave',26,'티이모님이 방을 떠났습니다.',1,'2023-11-28 07:11:09'),
(1707,'enter',26,'티이모님이 입장하셨습니다.',1,'2023-11-28 07:11:09'),
(1708,'leave',26,'티이모님이 방을 떠났습니다.',1,'2023-11-28 07:13:41'),
(1709,'enter',26,'티이모님이 입장하셨습니다.',1,'2023-11-28 07:13:41'),
(1710,'leave',26,'티이모님이 방을 떠났습니다.',1,'2023-11-28 07:13:42'),
(1711,'enter',26,'티이모님이 입장하셨습니다.',1,'2023-11-28 07:13:42'),
(1712,'leave',26,'티이모님이 방을 떠났습니다.',1,'2023-11-28 07:13:42'),
(1713,'enter',26,'티이모님이 입장하셨습니다.',1,'2023-11-28 07:13:42'),
(1714,'leave',26,'티이모님이 방을 떠났습니다.',1,'2023-11-28 07:14:01'),
(1715,'enter',26,'티이모님이 입장하셨습니다.',1,'2023-11-28 07:14:01'),
(1716,'leave',26,'티이모님이 방을 떠났습니다.',1,'2023-11-28 07:14:20'),
(1717,'enter',26,'티이모님이 입장하셨습니다.',1,'2023-11-28 07:14:20'),
(1718,'leave',26,'티이모님이 방을 떠났습니다.',1,'2023-11-28 07:16:12'),
(1719,'enter',26,'티이모님이 입장하셨습니다.',1,'2023-11-28 07:16:16'),
(1720,'leave',26,'티이모님이 방을 떠났습니다.',1,'2023-11-28 07:24:05'),
(1721,'enter',26,'티이모님이 입장하셨습니다.',1,'2023-11-28 07:24:17'),
(1722,'chat',26,'qq',1,'2023-11-28 07:24:39'),
(1723,'leave',26,'티이모님이 방을 떠났습니다.',1,'2023-11-28 07:27:23'),
(1724,'enter',26,'티이모님이 입장하셨습니다.',1,'2023-11-28 07:27:24'),
(1725,'leave',26,'티이모님이 방을 떠났습니다.',1,'2023-11-28 07:27:30'),
(1726,'enter',26,'티이모님이 입장하셨습니다.',1,'2023-11-28 07:27:34'),
(1727,'leave',26,'티이모님이 방을 떠났습니다.',1,'2023-11-28 07:27:52'),
(1728,'enter',26,'티이모님이 입장하셨습니다.',1,'2023-11-28 07:27:58'),
(1729,'leave',26,'티이모님이 방을 떠났습니다.',1,'2023-11-28 07:31:25'),
(1730,'enter',26,'티이모님이 입장하셨습니다.',1,'2023-11-28 07:31:46'),
(1731,'enter',26,'ㅎㅎ님이 입장하셨습니다.',2,'2023-11-28 07:32:28'),
(1732,'leave',26,'ㅎㅎ님이 방을 떠났습니다.',2,'2023-11-28 07:33:27'),
(1733,'enter',26,'ㅎㅎ님이 입장하셨습니다.',2,'2023-11-28 07:33:27'),
(1734,'leave',26,'티이모님이 방을 떠났습니다.',1,'2023-11-28 07:33:27'),
(1735,'enter',26,'티이모님이 입장하셨습니다.',1,'2023-11-28 07:33:27'),
(1736,'leave',26,'ㅎㅎ님이 방을 떠났습니다.',2,'2023-11-28 07:34:11'),
(1737,'enter',26,'ㅎㅎ님이 입장하셨습니다.',2,'2023-11-28 07:34:11'),
(1738,'leave',26,'티이모님이 방을 떠났습니다.',1,'2023-11-28 07:34:11'),
(1739,'enter',26,'티이모님이 입장하셨습니다.',1,'2023-11-28 07:34:11'),
(1740,'leave',26,'ㅎㅎ님이 방을 떠났습니다.',2,'2023-11-28 07:36:32'),
(1741,'enter',26,'ㅎㅎ님이 입장하셨습니다.',2,'2023-11-28 07:36:32'),
(1742,'leave',26,'티이모님이 방을 떠났습니다.',1,'2023-11-28 07:36:32'),
(1743,'enter',26,'티이모님이 입장하셨습니다.',1,'2023-11-28 07:36:32'),
(1744,'leave',26,'티이모님이 방을 떠났습니다.',1,'2023-11-28 07:36:42'),
(1745,'leave',26,'ㅎㅎ님이 방을 떠났습니다.',2,'2023-11-28 07:36:42'),
(1746,'enter',26,'ㅎㅎ님이 입장하셨습니다.',2,'2023-11-28 07:36:42'),
(1747,'enter',26,'티이모님이 입장하셨습니다.',1,'2023-11-28 07:36:42'),
(1748,'leave',26,'ㅎㅎ님이 방을 떠났습니다.',2,'2023-11-28 07:37:20'),
(1749,'leave',26,'티이모님이 방을 떠났습니다.',1,'2023-11-28 07:37:20'),
(1750,'enter',26,'ㅎㅎ님이 입장하셨습니다.',2,'2023-11-28 07:37:21'),
(1751,'enter',26,'티이모님이 입장하셨습니다.',1,'2023-11-28 07:37:21'),
(1752,'leave',26,'ㅎㅎ님이 방을 떠났습니다.',2,'2023-11-28 07:40:45'),
(1753,'leave',26,'티이모님이 방을 떠났습니다.',1,'2023-11-28 07:40:45'),
(1754,'enter',26,'티이모님이 입장하셨습니다.',1,'2023-11-28 07:40:45'),
(1755,'enter',26,'ㅎㅎ님이 입장하셨습니다.',2,'2023-11-28 07:40:45'),
(1756,'chat',26,'ㅎㅎ',1,'2023-11-28 07:46:54'),
(1757,'chat',26,'ㅎㅎ',2,'2023-11-28 07:47:00'),
(1758,'chat',26,'ㅎㅎ',2,'2023-11-28 07:47:22'),
(1759,'leave',26,'티이모님이 방을 떠났습니다.',1,'2023-11-28 07:47:41'),
(1760,'leave',26,'ㅎㅎ님이 방을 떠났습니다.',2,'2023-11-28 07:47:41'),
(1761,'enter',26,'티이모님이 입장하셨습니다.',1,'2023-11-28 07:47:41'),
(1762,'enter',26,'ㅎㅎ님이 입장하셨습니다.',2,'2023-11-28 07:47:41'),
(1763,'leave',26,'ㅎㅎ님이 방을 떠났습니다.',2,'2023-11-28 07:51:46'),
(1764,'enter',26,'ㅎㅎ님이 입장하셨습니다.',2,'2023-11-28 07:51:46'),
(1765,'leave',26,'티이모님이 방을 떠났습니다.',1,'2023-11-28 07:51:46'),
(1766,'enter',26,'티이모님이 입장하셨습니다.',1,'2023-11-28 07:51:46'),
(1767,'leave',26,'ㅎㅎ님이 방을 떠났습니다.',2,'2023-11-28 08:05:12'),
(1768,'leave',26,'티이모님이 방을 떠났습니다.',1,'2023-11-28 08:05:12'),
(1769,'enter',26,'ㅎㅎ님이 입장하셨습니다.',2,'2023-11-28 08:05:12'),
(1770,'enter',26,'티이모님이 입장하셨습니다.',1,'2023-11-28 08:05:12'),
(1771,'enter',26,'티이모님이 입장하셨습니다.',1,'2023-11-28 08:05:42'),
(1772,'leave',26,'티이모님이 방을 떠났습니다.',1,'2023-11-28 08:05:42'),
(1773,'leave',26,'ㅎㅎ님이 방을 떠났습니다.',2,'2023-11-28 08:05:42'),
(1774,'enter',26,'ㅎㅎ님이 입장하셨습니다.',2,'2023-11-28 08:05:42'),
(1775,'leave',26,'ㅎㅎ님이 방을 떠났습니다.',2,'2023-11-28 08:11:50'),
(1776,'leave',26,'티이모님이 방을 떠났습니다.',1,'2023-11-28 08:11:50'),
(1777,'enter',26,'티이모님이 입장하셨습니다.',1,'2023-11-28 08:12:27'),
(1778,'enter',26,'ㅎㅎ님이 입장하셨습니다.',2,'2023-11-28 08:12:38'),
(1779,'leave',26,'ㅎㅎ님이 방을 떠났습니다.',2,'2023-11-28 08:12:52'),
(1780,'leave',26,'티이모님이 방을 떠났습니다.',1,'2023-11-28 08:12:52'),
(1781,'enter',26,'ㅎㅎ님이 입장하셨습니다.',2,'2023-11-28 08:14:08'),
(1782,'enter',26,'티이모님이 입장하셨습니다.',1,'2023-11-28 08:14:10'),
(1783,'leave',26,'ㅎㅎ님이 방을 떠났습니다.',2,'2023-11-28 08:15:28'),
(1784,'leave',26,'티이모님이 방을 떠났습니다.',1,'2023-11-28 08:15:28'),
(1785,'enter',26,'티이모님이 입장하셨습니다.',1,'2023-11-28 08:15:48'),
(1786,'enter',26,'ㅎㅎ님이 입장하셨습니다.',2,'2023-11-28 08:15:52'),
(1787,'leave',26,'ㅎㅎ님이 방을 떠났습니다.',2,'2023-11-28 08:16:42'),
(1788,'leave',26,'티이모님이 방을 떠났습니다.',1,'2023-11-28 08:16:42'),
(1789,'enter',26,'티이모님이 입장하셨습니다.',1,'2023-11-28 08:24:04'),
(1790,'enter',26,'ㅎㅎ님이 입장하셨습니다.',2,'2023-11-28 08:24:05'),
(1791,'leave',26,'티이모님이 방을 떠났습니다.',1,'2023-11-28 08:25:50'),
(1792,'enter',26,'티이모님이 입장하셨습니다.',1,'2023-11-28 08:25:50'),
(1793,'leave',26,'ㅎㅎ님이 방을 떠났습니다.',2,'2023-11-28 08:25:50'),
(1794,'enter',26,'ㅎㅎ님이 입장하셨습니다.',2,'2023-11-28 08:25:50'),
(1795,'leave',26,'티이모님이 방을 떠났습니다.',1,'2023-11-28 08:26:27'),
(1796,'leave',26,'ㅎㅎ님이 방을 떠났습니다.',2,'2023-11-28 08:26:27'),
(1797,'enter',26,'ㅎㅎ님이 입장하셨습니다.',2,'2023-11-28 08:26:28'),
(1798,'leave',26,'ㅎㅎ님이 방을 떠났습니다.',2,'2023-11-28 08:26:31'),
(1799,'enter',26,'티이모님이 입장하셨습니다.',1,'2023-11-28 08:26:32'),
(1800,'enter',26,'ㅎㅎ님이 입장하셨습니다.',2,'2023-11-28 08:26:32'),
(1801,'leave',26,'티이모님이 방을 떠났습니다.',1,'2023-11-28 08:26:41'),
(1802,'enter',26,'티이모님이 입장하셨습니다.',1,'2023-11-28 08:26:41'),
(1803,'leave',26,'ㅎㅎ님이 방을 떠났습니다.',2,'2023-11-28 08:26:41'),
(1804,'enter',26,'ㅎㅎ님이 입장하셨습니다.',2,'2023-11-28 08:26:41'),
(1805,'leave',26,'티이모님이 방을 떠났습니다.',1,'2023-11-28 08:30:40'),
(1806,'leave',26,'ㅎㅎ님이 방을 떠났습니다.',2,'2023-11-28 08:30:43'),
(1807,'enter',26,'티이모님이 입장하셨습니다.',1,'2023-11-28 08:30:51'),
(1808,'enter',26,'ㅎㅎ님이 입장하셨습니다.',2,'2023-11-28 08:30:52'),
(1809,'leave',26,'티이모님이 방을 떠났습니다.',1,'2023-11-28 08:44:29'),
(1810,'leave',26,'ㅎㅎ님이 방을 떠났습니다.',2,'2023-11-28 08:44:30'),
(1811,'enter',26,'티이모님이 입장하셨습니다.',1,'2023-11-28 08:44:39'),
(1812,'enter',26,'ㅎㅎ님이 입장하셨습니다.',2,'2023-11-28 08:44:40'),
(1813,'leave',26,'ㅎㅎ님이 방을 떠났습니다.',2,'2023-11-28 08:46:07'),
(1814,'leave',26,'티이모님이 방을 떠났습니다.',1,'2023-11-28 08:46:07'),
(1815,'enter',26,'ㅎㅎ님이 입장하셨습니다.',2,'2023-11-28 08:59:26'),
(1816,'enter',26,'티이모님이 입장하셨습니다.',1,'2023-11-28 08:59:39'),
(1817,'leave',26,'티이모님이 방을 떠났습니다.',1,'2023-11-28 09:00:06'),
(1818,'enter',26,'티이모님이 입장하셨습니다.',1,'2023-11-28 11:00:31'),
(1819,'leave',26,'티이모님이 방을 떠났습니다.',1,'2023-11-28 11:02:05'),
(1820,'enter',26,'티이모님이 입장하셨습니다.',1,'2023-11-28 11:02:10'),
(1821,'leave',26,'티이모님이 방을 떠났습니다.',1,'2023-11-28 11:03:16'),
(1822,'enter',26,'티이모님이 입장하셨습니다.',1,'2023-11-28 11:03:16'),
(1823,'leave',26,'티이모님이 방을 떠났습니다.',1,'2023-11-28 11:03:21'),
(1824,'enter',26,'티이모님이 입장하셨습니다.',1,'2023-11-28 11:03:21'),
(1825,'leave',26,'티이모님이 방을 떠났습니다.',1,'2023-11-28 11:03:40'),
(1826,'enter',26,'티이모님이 입장하셨습니다.',1,'2023-11-28 11:03:40'),
(1827,'leave',26,'ㅎㅎ님이 방을 떠났습니다.',2,'2023-11-28 11:03:51'),
(1828,'enter',26,'ㅎㅎ님이 입장하셨습니다.',2,'2023-11-28 11:03:52'),
(1829,'leave',26,'ㅎㅎ님이 방을 떠났습니다.',2,'2023-11-28 11:04:00'),
(1830,'enter',26,'ㅎㅎ님이 입장하셨습니다.',2,'2023-11-28 11:04:08'),
(1831,'leave',26,'티이모님이 방을 떠났습니다.',1,'2023-11-28 11:04:50'),
(1832,'enter',26,'티이모님이 입장하셨습니다.',1,'2023-11-28 11:04:50'),
(1833,'leave',26,'ㅎㅎ님이 방을 떠났습니다.',2,'2023-11-28 11:04:50'),
(1834,'enter',26,'ㅎㅎ님이 입장하셨습니다.',2,'2023-11-28 11:04:51'),
(1835,'leave',26,'ㅎㅎ님이 방을 떠났습니다.',2,'2023-11-28 11:06:11'),
(1836,'enter',26,'티이모님이 입장하셨습니다.',1,'2023-11-28 11:06:11'),
(1837,'leave',26,'티이모님이 방을 떠났습니다.',1,'2023-11-28 11:06:11'),
(1838,'enter',26,'ㅎㅎ님이 입장하셨습니다.',2,'2023-11-28 11:06:12'),
(1839,'leave',26,'티이모님이 방을 떠났습니다.',1,'2023-11-28 11:06:21'),
(1840,'enter',26,'티이모님이 입장하셨습니다.',1,'2023-11-28 11:06:22'),
(1841,'leave',26,'ㅎㅎ님이 방을 떠났습니다.',2,'2023-11-28 11:06:22'),
(1842,'enter',26,'ㅎㅎ님이 입장하셨습니다.',2,'2023-11-28 11:06:22'),
(1843,'leave',26,'티이모님이 방을 떠났습니다.',1,'2023-11-28 11:06:39'),
(1844,'enter',26,'티이모님이 입장하셨습니다.',1,'2023-11-28 11:06:39'),
(1845,'leave',26,'ㅎㅎ님이 방을 떠났습니다.',2,'2023-11-28 11:06:39'),
(1846,'enter',26,'ㅎㅎ님이 입장하셨습니다.',2,'2023-11-28 11:06:39'),
(1847,'leave',26,'티이모님이 방을 떠났습니다.',1,'2023-11-28 11:07:16'),
(1848,'enter',26,'티이모님이 입장하셨습니다.',1,'2023-11-28 11:07:16'),
(1849,'leave',26,'ㅎㅎ님이 방을 떠났습니다.',2,'2023-11-28 11:07:16'),
(1850,'enter',26,'ㅎㅎ님이 입장하셨습니다.',2,'2023-11-28 11:07:17'),
(1851,'leave',26,'티이모님이 방을 떠났습니다.',1,'2023-11-28 11:07:47'),
(1852,'leave',26,'ㅎㅎ님이 방을 떠났습니다.',2,'2023-11-28 11:07:47'),
(1853,'enter',26,'ㅎㅎ님이 입장하셨습니다.',2,'2023-11-28 11:07:48'),
(1854,'leave',26,'ㅎㅎ님이 방을 떠났습니다.',2,'2023-11-28 11:08:09'),
(1855,'enter',26,'ㅎㅎ님이 입장하셨습니다.',2,'2023-11-28 11:08:09'),
(1856,'enter',26,'티이모님이 입장하셨습니다.',1,'2023-11-28 11:08:09'),
(1857,'enter',26,'티이모님이 입장하셨습니다.',1,'2023-11-28 11:08:20'),
(1858,'leave',26,'티이모님이 방을 떠났습니다.',1,'2023-11-28 11:08:20'),
(1859,'leave',26,'티이모님이 방을 떠났습니다.',1,'2023-11-28 11:08:20'),
(1860,'leave',26,'ㅎㅎ님이 방을 떠났습니다.',2,'2023-11-28 11:08:20'),
(1861,'enter',26,'ㅎㅎ님이 입장하셨습니다.',2,'2023-11-28 11:08:20'),
(1862,'leave',26,'ㅎㅎ님이 방을 떠났습니다.',2,'2023-11-28 11:09:19'),
(1863,'enter',26,'ㅎㅎ님이 입장하셨습니다.',2,'2023-11-28 11:09:19'),
(1864,'enter',26,'티이모님이 입장하셨습니다.',1,'2023-11-28 11:09:19'),
(1865,'leave',26,'티이모님이 방을 떠났습니다.',1,'2023-11-28 11:10:45'),
(1866,'enter',26,'티이모님이 입장하셨습니다.',1,'2023-11-28 11:10:45'),
(1867,'leave',26,'ㅎㅎ님이 방을 떠났습니다.',2,'2023-11-28 11:10:45'),
(1868,'enter',26,'ㅎㅎ님이 입장하셨습니다.',2,'2023-11-28 11:10:46'),
(1869,'leave',26,'티이모님이 방을 떠났습니다.',1,'2023-11-28 11:10:54'),
(1870,'leave',26,'ㅎㅎ님이 방을 떠났습니다.',2,'2023-11-28 11:10:54'),
(1871,'enter',26,'티이모님이 입장하셨습니다.',1,'2023-11-28 11:10:54'),
(1872,'enter',26,'ㅎㅎ님이 입장하셨습니다.',2,'2023-11-28 11:10:54'),
(1873,'leave',26,'티이모님이 방을 떠났습니다.',1,'2023-11-28 11:11:06'),
(1874,'leave',26,'ㅎㅎ님이 방을 떠났습니다.',2,'2023-11-28 11:11:06'),
(1875,'enter',26,'티이모님이 입장하셨습니다.',1,'2023-11-28 11:11:06'),
(1876,'enter',26,'ㅎㅎ님이 입장하셨습니다.',2,'2023-11-28 11:11:06'),
(1877,'enter',26,'티이모님이 입장하셨습니다.',1,'2023-11-28 11:16:15'),
(1878,'leave',26,'티이모님이 방을 떠났습니다.',1,'2023-11-28 11:16:15'),
(1879,'leave',26,'티이모님이 방을 떠났습니다.',1,'2023-11-28 11:16:15'),
(1880,'leave',26,'티이모님이 방을 떠났습니다.',1,'2023-11-28 11:16:15'),
(1881,'leave',26,'ㅎㅎ님이 방을 떠났습니다.',2,'2023-11-28 11:16:15'),
(1882,'enter',26,'ㅎㅎ님이 입장하셨습니다.',2,'2023-11-28 11:16:15'),
(1883,'leave',26,'ㅎㅎ님이 방을 떠났습니다.',2,'2023-11-28 11:16:15'),
(1884,'enter',26,'ㅎㅎ님이 입장하셨습니다.',2,'2023-11-28 11:16:15'),
(1885,'enter',26,'티이모님이 입장하셨습니다.',1,'2023-11-28 11:16:23'),
(1886,'leave',26,'티이모님이 방을 떠났습니다.',1,'2023-11-28 11:20:38'),
(1887,'enter',26,'티이모님이 입장하셨습니다.',1,'2023-11-28 11:21:35'),
(1888,'leave',26,'ㅎㅎ님이 방을 떠났습니다.',2,'2023-11-28 11:21:41'),
(1889,'leave',26,'티이모님이 방을 떠났습니다.',1,'2023-11-28 11:21:54'),
(1890,'enter',26,'티이모님이 입장하셨습니다.',1,'2023-11-28 11:21:55'),
(1891,'leave',26,'티이모님이 방을 떠났습니다.',1,'2023-11-28 11:21:56'),
(1892,'enter',26,'티이모님이 입장하셨습니다.',1,'2023-11-28 11:21:57'),
(1893,'enter',26,'ㅎㅎ님이 입장하셨습니다.',2,'2023-11-28 11:22:02'),
(1894,'leave',26,'ㅎㅎ님이 방을 떠났습니다.',2,'2023-11-28 11:22:54'),
(1895,'enter',26,'ㅎㅎ님이 입장하셨습니다.',2,'2023-11-28 11:22:54'),
(1896,'leave',26,'티이모님이 방을 떠났습니다.',1,'2023-11-28 11:22:54'),
(1897,'enter',26,'티이모님이 입장하셨습니다.',1,'2023-11-28 11:22:54'),
(1898,'leave',26,'티이모님이 방을 떠났습니다.',1,'2023-11-28 11:23:01'),
(1899,'enter',26,'티이모님이 입장하셨습니다.',1,'2023-11-28 11:23:01'),
(1900,'leave',26,'ㅎㅎ님이 방을 떠났습니다.',2,'2023-11-28 11:23:01'),
(1901,'enter',26,'ㅎㅎ님이 입장하셨습니다.',2,'2023-11-28 11:23:01'),
(1902,'leave',26,'ㅎㅎ님이 방을 떠났습니다.',2,'2023-11-28 11:23:31'),
(1903,'leave',26,'티이모님이 방을 떠났습니다.',1,'2023-11-28 11:23:31'),
(1904,'enter',26,'티이모님이 입장하셨습니다.',1,'2023-11-28 11:23:31'),
(1905,'enter',26,'ㅎㅎ님이 입장하셨습니다.',2,'2023-11-28 11:23:32'),
(1906,'leave',26,'ㅎㅎ님이 방을 떠났습니다.',2,'2023-11-28 11:26:27'),
(1907,'enter',26,'ㅎㅎ님이 입장하셨습니다.',2,'2023-11-28 11:26:27'),
(1908,'leave',26,'티이모님이 방을 떠났습니다.',1,'2023-11-28 11:26:27'),
(1909,'leave',26,'ㅎㅎ님이 방을 떠났습니다.',2,'2023-11-28 11:26:27'),
(1910,'enter',26,'티이모님이 입장하셨습니다.',1,'2023-11-28 11:26:27'),
(1911,'enter',26,'ㅎㅎ님이 입장하셨습니다.',2,'2023-11-28 11:26:27'),
(1912,'leave',26,'티이모님이 방을 떠났습니다.',1,'2023-11-28 11:26:27'),
(1913,'leave',26,'ㅎㅎ님이 방을 떠났습니다.',2,'2023-11-28 11:26:27'),
(1914,'enter',26,'티이모님이 입장하셨습니다.',1,'2023-11-28 11:26:27'),
(1915,'leave',26,'티이모님이 방을 떠났습니다.',1,'2023-11-28 11:26:27'),
(1916,'enter',26,'티이모님이 입장하셨습니다.',1,'2023-11-28 11:26:45'),
(1917,'enter',26,'ㅎㅎ님이 입장하셨습니다.',2,'2023-11-28 11:27:04'),
(1918,'leave',26,'ㅎㅎ님이 방을 떠났습니다.',2,'2023-11-28 11:27:28'),
(1919,'leave',26,'티이모님이 방을 떠났습니다.',1,'2023-11-28 11:27:28'),
(1920,'enter',26,'ㅎㅎ님이 입장하셨습니다.',2,'2023-11-28 11:27:29'),
(1921,'enter',26,'티이모님이 입장하셨습니다.',1,'2023-11-28 11:27:29'),
(1922,'leave',26,'ㅎㅎ님이 방을 떠났습니다.',2,'2023-11-28 11:27:54'),
(1923,'leave',26,'티이모님이 방을 떠났습니다.',1,'2023-11-28 11:27:54'),
(1924,'enter',26,'티이모님이 입장하셨습니다.',1,'2023-11-28 11:27:55'),
(1925,'enter',26,'ㅎㅎ님이 입장하셨습니다.',2,'2023-11-28 11:27:55'),
(1926,'leave',26,'티이모님이 방을 떠났습니다.',1,'2023-11-28 11:28:10'),
(1927,'enter',26,'티이모님이 입장하셨습니다.',1,'2023-11-28 11:28:10'),
(1928,'leave',26,'ㅎㅎ님이 방을 떠났습니다.',2,'2023-11-28 11:28:10'),
(1929,'leave',26,'티이모님이 방을 떠났습니다.',1,'2023-11-28 11:28:10'),
(1930,'enter',26,'ㅎㅎ님이 입장하셨습니다.',2,'2023-11-28 11:28:10'),
(1931,'leave',26,'ㅎㅎ님이 방을 떠났습니다.',2,'2023-11-28 11:28:15'),
(1932,'enter',26,'티이모님이 입장하셨습니다.',1,'2023-11-28 11:28:17'),
(1933,'enter',26,'ㅎㅎ님이 입장하셨습니다.',2,'2023-11-28 11:28:18'),
(1934,'leave',26,'티이모님이 방을 떠났습니다.',1,'2023-11-28 11:28:30'),
(1935,'enter',26,'티이모님이 입장하셨습니다.',1,'2023-11-28 11:28:30'),
(1936,'leave',26,'ㅎㅎ님이 방을 떠났습니다.',2,'2023-11-28 11:28:31'),
(1937,'enter',26,'ㅎㅎ님이 입장하셨습니다.',2,'2023-11-28 11:28:31'),
(1938,'leave',26,'ㅎㅎ님이 방을 떠났습니다.',2,'2023-11-28 11:28:45'),
(1939,'enter',26,'ㅎㅎ님이 입장하셨습니다.',2,'2023-11-28 11:28:45'),
(1940,'leave',26,'티이모님이 방을 떠났습니다.',1,'2023-11-28 11:28:45'),
(1941,'enter',26,'티이모님이 입장하셨습니다.',1,'2023-11-28 11:28:45'),
(1942,'leave',26,'ㅎㅎ님이 방을 떠났습니다.',2,'2023-11-28 11:28:52'),
(1943,'leave',26,'티이모님이 방을 떠났습니다.',1,'2023-11-28 11:30:22'),
(1944,'enter',26,'티이모님이 입장하셨습니다.',1,'2023-11-28 11:30:22'),
(1945,'leave',26,'티이모님이 방을 떠났습니다.',1,'2023-11-28 11:30:30'),
(1946,'enter',26,'티이모님이 입장하셨습니다.',1,'2023-11-28 11:30:30'),
(1947,'leave',26,'티이모님이 방을 떠났습니다.',1,'2023-11-28 11:35:41'),
(1948,'enter',26,'티이모님이 입장하셨습니다.',1,'2023-11-28 11:35:41'),
(1949,'leave',26,'티이모님이 방을 떠났습니다.',1,'2023-11-28 11:44:56'),
(1950,'enter',26,'티이모님이 입장하셨습니다.',1,'2023-11-28 11:45:04'),
(1951,'leave',26,'티이모님이 방을 떠났습니다.',1,'2023-11-28 11:47:15'),
(1952,'enter',26,'티이모님이 입장하셨습니다.',1,'2023-11-28 11:47:20'),
(1953,'leave',26,'티이모님이 방을 떠났습니다.',1,'2023-11-28 11:47:42'),
(1954,'enter',26,'티이모님이 입장하셨습니다.',1,'2023-11-28 11:47:50'),
(1955,'leave',26,'티이모님이 방을 떠났습니다.',1,'2023-11-28 11:48:26'),
(1956,'enter',26,'티이모님이 입장하셨습니다.',1,'2023-11-28 11:48:27'),
(1957,'leave',26,'티이모님이 방을 떠났습니다.',1,'2023-11-28 11:49:54'),
(1958,'enter',26,'티이모님이 입장하셨습니다.',1,'2023-11-28 12:16:06'),
(1959,'invite',26,'티이모님이 \'제목ㅋㅋ\' 미팅 방에 초대하였습니다.',1,'2023-11-28 12:16:11'),
(1960,'invite',26,'티이모님이 \'제목ㅋㅋ\' 미팅 방에 초대하였습니다.',1,'2023-11-28 12:16:34'),
(1961,'leave',26,'티이모님이 방을 떠났습니다.',1,'2023-11-28 12:17:44'),
(1962,'enter',26,'티이모님이 입장하셨습니다.',1,'2023-11-28 12:17:44'),
(1963,'invite',26,'\'티이모님이 \"제목ㅋㅋ\" 미팅 방에 초대하였습니다.\'',1,'2023-11-28 12:17:49'),
(1964,'leave',26,'티이모님이 방을 떠났습니다.',1,'2023-11-28 12:18:32'),
(1965,'enter',26,'티이모님이 입장하셨습니다.',1,'2023-11-28 12:18:32'),
(1966,'invite',26,'티이모님이 \"제목ㅋㅋ\" 미팅 방에 초대하였습니다.',1,'2023-11-28 12:18:36'),
(1967,'leave',26,'티이모님이 방을 떠났습니다.',1,'2023-11-28 12:18:52'),
(1968,'enter',26,'티이모님이 입장하셨습니다.',1,'2023-11-28 12:18:52'),
(1969,'invite',26,'티이모님이 \"제목ㅋㅋ\" 미팅 방에 초대하였습니다.',1,'2023-11-28 12:19:01'),
(1970,'leave',26,'티이모님이 방을 떠났습니다.',1,'2023-11-28 12:20:33'),
(1971,'enter',26,'티이모님이 입장하셨습니다.',1,'2023-11-28 12:20:33'),
(1972,'invite',26,'티이모님이 \"제목ㅋㅋ\" 미팅 방에 초대하였습니다.',1,'2023-11-28 12:20:39'),
(1973,'invite',26,'티이모님이 \"제목ㅋㅋ\" 미팅 방에 초대하였습니다.',1,'2023-11-28 12:21:51'),
(1974,'leave',26,'티이모님이 방을 떠났습니다.',1,'2023-11-28 12:22:13'),
(1975,'enter',26,'티이모님이 입장하셨습니다.',1,'2023-11-28 12:23:43'),
(1976,'invite',26,'티이모님이 \"제목ㅋㅋ\" 미팅 방에 초대하였습니다.',1,'2023-11-28 12:23:54'),
(1977,'invite',26,'티이모님이 \"제목ㅋㅋ\" 미팅 방에 초대하였습니다.',1,'2023-11-28 12:23:59'),
(1978,'invite',26,'티이모님이 \"제목ㅋㅋ\" 미팅 방에 초대하였습니다.',1,'2023-11-28 12:24:00'),
(1979,'invite',26,'티이모님이 \"제목ㅋㅋ\" 미팅 방에 초대하였습니다.',1,'2023-11-28 12:24:11'),
(1980,'leave',26,'티이모님이 방을 떠났습니다.',1,'2023-11-28 12:24:49'),
(1981,'enter',26,'티이모님이 입장하셨습니다.',1,'2023-11-28 12:24:50'),
(1982,'invite',26,'티이모님이 \"제목ㅋㅋ\" 미팅 방에 초대하였습니다.',1,'2023-11-28 12:24:58'),
(1983,'invite',26,'티이모님이 \"제목ㅋㅋ\" 미팅 방에 초대하였습니다.',1,'2023-11-28 12:25:18'),
(1984,'invite',26,'티이모님이 \"제목ㅋㅋ\" 미팅 방에 초대하였습니다.',1,'2023-11-28 12:25:40'),
(1985,'invite',26,'티이모님이 \"제목ㅋㅋ\" 미팅 방에 초대하였습니다.',1,'2023-11-28 12:26:03'),
(1986,'invite',26,'티이모님이 \"제목ㅋㅋ\" 미팅 방에 초대하였습니다.',1,'2023-11-28 12:26:34'),
(1987,'invite',26,'티이모님이 \"제목ㅋㅋ\" 미팅 방에 초대하였습니다.',1,'2023-11-28 12:27:12'),
(1988,'invite',26,'티이모님이 \"제목ㅋㅋ\" 미팅 방에 초대하였습니다.',1,'2023-11-28 12:27:59'),
(1989,'leave',26,'티이모님이 방을 떠났습니다.',1,'2023-11-28 12:28:44'),
(1990,'enter',26,'티이모님이 입장하셨습니다.',1,'2023-11-28 12:28:44'),
(1991,'invite',26,'티이모님이 \"제목ㅋㅋ\" 미팅 방에 초대하였습니다.',1,'2023-11-28 12:28:49'),
(1992,'invite',26,'티이모님이 \"제목ㅋㅋ\" 미팅 방에 초대하였습니다.',1,'2023-11-28 12:29:27'),
(1993,'invite',26,'티이모님이 \"제목ㅋㅋ\" 미팅 방에 초대하였습니다.',1,'2023-11-28 12:29:44'),
(1994,'invite',26,'티이모님이 \"제목ㅋㅋ\" 미팅 방에 초대하였습니다.',1,'2023-11-28 12:30:44'),
(1995,'invite',26,'티이모님이 \"제목ㅋㅋ\" 미팅 방에 초대하였습니다.',1,'2023-11-28 12:30:52'),
(1996,'invite',26,'티이모님이 \"제목ㅋㅋ\" 미팅 방에 초대하였습니다.',1,'2023-11-28 12:30:56'),
(1997,'leave',26,'티이모님이 방을 떠났습니다.',1,'2023-11-28 12:30:58'),
(1998,'enter',26,'티이모님이 입장하셨습니다.',1,'2023-11-28 12:31:03'),
(1999,'invite',26,'티이모님이 \"제목ㅋㅋ\" 미팅 방에 초대하였습니다.',1,'2023-11-28 12:31:07'),
(2000,'invite',26,'티이모님이 \"제목ㅋㅋ\" 미팅 방에 초대하였습니다.',1,'2023-11-28 12:31:17'),
(2001,'leave',26,'티이모님이 방을 떠났습니다.',1,'2023-11-28 12:32:46'),
(2002,'enter',26,'티이모님이 입장하셨습니다.',1,'2023-11-28 12:34:13'),
(2003,'invite',26,'티이모님이 \"제목ㅋㅋ\" 미팅 방에 초대하였습니다.',1,'2023-11-28 12:34:17'),
(2004,'invite',26,'티이모님이 \"제목ㅋㅋ\" 미팅 방에 초대하였습니다.',1,'2023-11-28 12:34:26'),
(2005,'invite',26,'티이모님이 \"제목ㅋㅋ\" 미팅 방에 초대하였습니다.',1,'2023-11-28 12:34:56'),
(2006,'invite',26,'티이모님이 \"제목ㅋㅋ\" 미팅 방에 초대하였습니다.',1,'2023-11-28 12:36:24'),
(2007,'invite',26,'티이모님이 \"제목ㅋㅋ\" 미팅 방에 초대하였습니다.',1,'2023-11-29 01:53:20'),
(2008,'invite',26,'티이모님이 \"제목ㅋㅋ\" 미팅 방에 초대하였습니다.',1,'2023-11-29 01:54:15'),
(2009,'invite',26,'티이모님이 \"제목ㅋㅋ\" 미팅 방에 초대하였습니다.',1,'2023-11-29 01:57:17'),
(2010,'invite',26,'티이모님이 \"제목ㅋㅋ\" 미팅 방에 초대하였습니다.',1,'2023-11-29 01:57:40'),
(2011,'invite',26,'티이모님이 \"제목ㅋㅋ\" 미팅 방에 초대하였습니다.',1,'2023-11-29 01:59:02'),
(2012,'invite',26,'티이모님이 \"제목ㅋㅋ\" 미팅 방에 초대하였습니다.',1,'2023-11-29 02:04:06'),
(2013,'leave',26,'티이모님이 방을 떠났습니다.',1,'2023-11-29 02:04:14'),
(2014,'enter',26,'티이모님이 입장하셨습니다.',1,'2023-11-29 02:04:29'),
(2015,'invite',26,'티이모님이 \"제목ㅋㅋ\" 미팅 방에 초대하였습니다.',1,'2023-11-29 02:04:34'),
(2016,'invite',26,'티이모님이 \"제목ㅋㅋ\" 미팅 방에 초대하였습니다.',1,'2023-11-29 02:06:39'),
(2017,'invite',26,'티이모님이 \"제목ㅋㅋ\" 미팅 방에 초대하였습니다.',1,'2023-11-29 02:06:54'),
(2018,'invite',26,'티이모님이 \"제목ㅋㅋ\" 미팅 방에 초대하였습니다.',1,'2023-11-29 02:07:12'),
(2019,'invite',26,'티이모님이 \"제목ㅋㅋ\" 미팅 방에 초대하였습니다.',1,'2023-11-29 02:08:27'),
(2020,'invite',26,'티이모님이 \"제목ㅋㅋ\" 미팅 방에 초대하였습니다.',1,'2023-11-29 02:08:43'),
(2021,'leave',26,'티이모님이 방을 떠났습니다.',1,'2023-11-29 02:09:29'),
(2022,'enter',26,'ㅎㅎ님이 입장하셨습니다.',2,'2023-11-29 02:10:00'),
(2023,'leave',26,'ㅎㅎ님이 방을 떠났습니다.',2,'2023-11-29 02:10:02'),
(2024,'enter',26,'티이모님이 입장하셨습니다.',1,'2023-11-29 02:10:03'),
(2025,'invite',26,'티이모님이 \"제목ㅋㅋ\" 미팅 방에 초대하였습니다.',1,'2023-11-29 02:10:51'),
(2026,'invite',26,'티이모님이 \"제목ㅋㅋ\" 미팅 방에 초대하였습니다.',1,'2023-11-29 02:10:56'),
(2027,'invite',26,'티이모님이 \"제목ㅋㅋ\" 미팅 방에 초대하였습니다.',1,'2023-11-29 02:11:28'),
(2028,'invite',26,'티이모님이 \"제목ㅋㅋ\" 미팅 방에 초대하였습니다.',1,'2023-11-29 02:11:41'),
(2029,'leave',26,'티이모님이 방을 떠났습니다.',1,'2023-11-29 02:12:16'),
(2030,'enter',26,'티이모님이 입장하셨습니다.',1,'2023-11-29 02:13:06'),
(2031,'invite',26,'티이모님이 \"제목ㅋㅋ\" 미팅 방에 초대하였습니다.',1,'2023-11-29 02:13:10'),
(2032,'invite',26,'티이모님이 \"제목ㅋㅋ\" 미팅 방에 초대하였습니다.',1,'2023-11-29 02:14:08'),
(2033,'invite',26,'티이모님이 \"제목ㅋㅋ\" 미팅 방에 초대하였습니다.',1,'2023-11-29 02:15:36'),
(2034,'invite',26,'티이모님이 \"제목ㅋㅋ\" 미팅 방에 초대하였습니다.',1,'2023-11-29 02:15:56'),
(2035,'invite',26,'티이모님이 \"제목ㅋㅋ\" 미팅 방에 초대하였습니다.',1,'2023-11-29 02:16:09'),
(2036,'invite',26,'티이모님이 \"제목ㅋㅋ\" 미팅 방에 초대하였습니다.',1,'2023-11-29 02:17:44'),
(2037,'invite',26,'티이모님이 \"제목ㅋㅋ\" 미팅 방에 초대하였습니다.',1,'2023-11-29 02:17:52'),
(2038,'invite',26,'티이모님이 \"제목ㅋㅋ\" 미팅 방에 초대하였습니다.',1,'2023-11-29 02:18:05'),
(2039,'leave',26,'티이모님이 방을 떠났습니다.',1,'2023-11-29 02:23:41'),
(2040,'enter',26,'티이모님이 입장하셨습니다.',1,'2023-11-29 02:23:41'),
(2041,'leave',26,'티이모님이 방을 떠났습니다.',1,'2023-11-29 02:24:22'),
(2042,'enter',26,'티이모님이 입장하셨습니다.',1,'2023-11-29 02:24:22'),
(2043,'leave',26,'티이모님이 방을 떠났습니다.',1,'2023-11-29 02:25:06'),
(2044,'enter',26,'티이모님이 입장하셨습니다.',1,'2023-11-29 02:25:06'),
(2045,'leave',26,'티이모님이 방을 떠났습니다.',1,'2023-11-29 02:25:18'),
(2046,'enter',26,'티이모님이 입장하셨습니다.',1,'2023-11-29 02:25:18'),
(2047,'leave',26,'티이모님이 방을 떠났습니다.',1,'2023-11-29 02:25:37'),
(2048,'enter',26,'티이모님이 입장하셨습니다.',1,'2023-11-29 02:25:37'),
(2049,'leave',26,'티이모님이 방을 떠났습니다.',1,'2023-11-29 02:26:13'),
(2050,'enter',26,'티이모님이 입장하셨습니다.',1,'2023-11-29 02:26:13'),
(2051,'leave',26,'티이모님이 방을 떠났습니다.',1,'2023-11-29 02:26:36'),
(2052,'enter',26,'티이모님이 입장하셨습니다.',1,'2023-11-29 02:26:36'),
(2053,'leave',26,'티이모님이 방을 떠났습니다.',1,'2023-11-29 02:26:40'),
(2054,'enter',26,'티이모님이 입장하셨습니다.',1,'2023-11-29 02:26:40'),
(2055,'leave',26,'티이모님이 방을 떠났습니다.',1,'2023-11-29 02:27:03'),
(2056,'enter',26,'티이모님이 입장하셨습니다.',1,'2023-11-29 02:27:03'),
(2057,'invite',26,'티이모님이 \"제목ㅋㅋ\" 미팅 방에 초대하였습니다.',1,'2023-11-29 02:27:08'),
(2058,'leave',26,'티이모님이 방을 떠났습니다.',1,'2023-11-29 02:27:53'),
(2059,'enter',26,'티이모님이 입장하셨습니다.',1,'2023-11-29 02:27:53'),
(2060,'invite',26,'티이모님이 \"제목ㅋㅋ\" 미팅 방에 초대하였습니다.',1,'2023-11-29 02:27:58'),
(2061,'invite',26,'티이모님이 \"제목ㅋㅋ\" 미팅 방에 초대하였습니다.',1,'2023-11-29 02:28:13'),
(2062,'invite',26,'티이모님이 \"제목ㅋㅋ\" 미팅 방에 초대하였습니다.',1,'2023-11-29 02:28:32'),
(2063,'leave',26,'티이모님이 방을 떠났습니다.',1,'2023-11-29 02:31:23'),
(2064,'enter',26,'티이모님이 입장하셨습니다.',1,'2023-11-29 02:31:36'),
(2065,'invite',26,'티이모님이 \"제목ㅋㅋ\" 미팅 방에 초대하였습니다.',1,'2023-11-29 02:31:39'),
(2066,'invite',26,'티이모님이 \"제목ㅋㅋ\" 미팅 방에 초대하였습니다.',1,'2023-11-29 02:34:22'),
(2067,'invite',26,'티이모님이 \"제목ㅋㅋ\" 미팅 방에 초대하였습니다.',1,'2023-11-29 02:35:04'),
(2068,'invite',26,'티이모님이 \"제목ㅋㅋ\" 미팅 방에 초대하였습니다.',1,'2023-11-29 02:35:22'),
(2069,'invite',26,'티이모님이 \"제목ㅋㅋ\" 미팅 방에 초대하였습니다.',1,'2023-11-29 02:37:01'),
(2070,'invite',26,'티이모님이 \"제목ㅋㅋ\" 미팅 방에 초대하였습니다.',1,'2023-11-29 02:38:21'),
(2071,'invite',26,'티이모님이 \"제목ㅋㅋ\" 미팅 방에 초대하였습니다.',1,'2023-11-29 02:40:47'),
(2072,'invite',26,'티이모님이 \"제목ㅋㅋ\" 미팅 방에 초대하였습니다.',1,'2023-11-29 02:41:41'),
(2073,'leave',26,'티이모님이 방을 떠났습니다.',1,'2023-11-29 02:42:38'),
(2074,'enter',26,'티이모님이 입장하셨습니다.',1,'2023-11-29 02:46:29'),
(2075,'invite',26,'티이모님이 \"제목ㅋㅋ\" 미팅 방에 초대하였습니다.',1,'2023-11-29 02:46:33'),
(2076,'invite',26,'티이모님이 \"제목ㅋㅋ\" 미팅 방에 초대하였습니다.',1,'2023-11-29 02:46:44'),
(2077,'invite',26,'티이모님이 \"제목ㅋㅋ\" 미팅 방에 초대하였습니다.',1,'2023-11-29 02:47:47'),
(2078,'invite',26,'티이모님이 \"제목ㅋㅋ\" 미팅 방에 초대하였습니다.',1,'2023-11-29 02:48:10'),
(2079,'leave',26,'티이모님이 방을 떠났습니다.',1,'2023-11-29 02:49:20'),
(2080,'enter',26,'티이모님이 입장하셨습니다.',1,'2023-11-29 02:49:47'),
(2081,'invite',26,'티이모님이 \"제목ㅋㅋ\" 미팅 방에 초대하였습니다.',1,'2023-11-29 02:49:52'),
(2082,'enter',26,'ㅎㅎ님이 입장하셨습니다.',2,'2023-11-29 02:49:53'),
(2083,'leave',26,'티이모님이 방을 떠났습니다.',1,'2023-11-29 02:50:11'),
(2084,'create',27,NULL,1,'2023-11-29 02:50:24'),
(2085,'enter',27,'티이모님이 입장하셨습니다.',1,'2023-11-29 02:50:29'),
(2086,'leave',26,'ㅎㅎ님이 방을 떠났습니다.',2,'2023-11-29 02:50:31'),
(2087,'invite',27,'티이모님이 \"비밀번호방 생성\" 미팅 방에 초대하였습니다.',1,'2023-11-29 02:50:35'),
(2088,'leave',27,'티이모님이 방을 떠났습니다.',1,'2023-11-29 02:51:25'),
(2089,'enter',27,'티이모님이 입장하셨습니다.',1,'2023-11-29 02:51:54'),
(2090,'invite',27,'티이모님이 \"비밀번호방 생성\" 미팅 방에 초대하였습니다.',1,'2023-11-29 02:51:59'),
(2091,'invite',27,'티이모님이 \"비밀번호방 생성\" 미팅 방에 초대하였습니다.',1,'2023-11-29 02:52:12'),
(2092,'invite',27,'티이모님이 \"비밀번호방 생성\" 미팅 방에 초대하였습니다.',1,'2023-11-29 02:52:45'),
(2093,'enter',27,'ㅎㅎ님이 입장하셨습니다.',2,'2023-11-29 02:52:46'),
(2094,'leave',27,'ㅎㅎ님이 방을 떠났습니다.',2,'2023-11-29 02:52:50'),
(2095,'enter',27,'ㅎㅎ님이 입장하셨습니다.',2,'2023-11-29 02:52:54'),
(2096,'leave',27,'ㅎㅎ님이 방을 떠났습니다.',2,'2023-11-29 02:52:57'),
(2097,'leave',27,'티이모님이 방을 떠났습니다.',1,'2023-11-29 02:52:57'),
(2098,'enter',27,'티이모님이 입장하셨습니다.',1,'2023-11-29 05:12:18'),
(2099,'invite',27,'티이모님이 \"비밀번호방 생성\" 미팅 방에 초대하였습니다.',1,'2023-11-29 05:12:25'),
(2100,'enter',27,'ㅎㅎ님이 입장하셨습니다.',2,'2023-11-29 05:12:29'),
(2101,'chat',27,'ㅎㅇ',1,'2023-11-29 05:12:33'),
(2102,'chat',27,'ㅎㅇㅇ',2,'2023-11-29 05:12:37'),
(2103,'chat',27,'너 뭐함 ㅋ_ㅋ.',1,'2023-11-29 05:12:43'),
(2104,'chat',27,'ㅂㅂ',1,'2023-11-29 05:12:46'),
(2105,'leave',27,'티이모님이 방을 떠났습니다.',1,'2023-11-29 05:12:47'),
(2106,'leave',27,'ㅎㅎ님이 방을 떠났습니다.',2,'2023-11-29 05:12:50'),
(2107,'enter',26,'티이모님이 입장하셨습니다.',1,'2023-11-29 07:58:39'),
(2108,'leave',26,'티이모님이 방을 떠났습니다.',1,'2023-11-29 07:58:45'),
(2109,'enter',27,'티이모님이 입장하셨습니다.',1,'2023-11-29 08:08:10'),
(2110,'leave',27,'티이모님이 방을 떠났습니다.',1,'2023-11-29 08:08:17'),
(2111,'enter',26,'티이모님이 입장하셨습니다.',1,'2023-11-29 12:56:00'),
(2112,'invite',26,'티이모님이 \"제목ㅋㅋ\" 미팅 방에 초대하였습니다.',1,'2023-11-29 12:56:05'),
(2113,'leave',26,'티이모님이 방을 떠났습니다.',1,'2023-11-29 12:56:11');
/*!40000 ALTER TABLE `chatlog` ENABLE KEYS */;
UNLOCK TABLES;

--
-- Table structure for table `comment`
--

DROP TABLE IF EXISTS `comment`;
/*!40101 SET @saved_cs_client     = @@character_set_client */;
/*!40101 SET character_set_client = utf8 */;
CREATE TABLE `comment` (
  `seq` int(11) NOT NULL AUTO_INCREMENT,
  `article_seq` int(11) NOT NULL,
  `parent_comment_seq` int(11) DEFAULT NULL,
  `content` text NOT NULL,
  `user_seq` varchar(100) NOT NULL,
  `is_delete` tinyint(1) NOT NULL DEFAULT 0,
  `created_at` datetime NOT NULL DEFAULT current_timestamp(),
  `updated_at` datetime DEFAULT current_timestamp() ON UPDATE current_timestamp(),
  PRIMARY KEY (`seq`),
  KEY `article_seq` (`article_seq`),
  KEY `idx_comment_author` (`user_seq`),
  CONSTRAINT `comment_ibfk_1` FOREIGN KEY (`article_seq`) REFERENCES `article` (`seq`) ON DELETE CASCADE
) ENGINE=InnoDB AUTO_INCREMENT=46 DEFAULT CHARSET=utf8mb4 COLLATE=utf8mb4_general_ci;
/*!40101 SET character_set_client = @saved_cs_client */;

--
-- Dumping data for table `comment`
--

LOCK TABLES `comment` WRITE;
/*!40000 ALTER TABLE `comment` DISABLE KEYS */;
INSERT INTO `comment` VALUES
(1,3,NULL,'댓글 테스트 입니다.','1',0,'2023-12-02 14:34:37','2023-12-02 14:34:46'),
(2,3,1,'대댓글','2',0,'2023-12-02 14:35:42','2023-12-02 14:35:42'),
(3,5,NULL,'댓글 테스트 입니다.2','2',0,'2023-12-02 14:35:42','2023-12-02 14:36:35'),
(4,3,1,'대댓글2','1',0,'2023-12-02 14:35:58','2023-12-02 14:41:47'),
(5,4,NULL,'댓글 테스트 입니다.3','2',0,'2023-12-02 14:35:58','2023-12-02 14:35:58'),
(6,3,NULL,'댓글 테스트 입니다.4','2',0,'2023-12-02 14:37:55','2023-12-02 14:37:55'),
(7,3,1,'대댓글3','1',0,'2023-12-02 14:37:55','2023-12-02 14:37:55'),
(8,11,NULL,'<p>ㅎㅎ</p>','1',0,'2023-12-02 15:50:44','2023-12-02 15:50:44'),
(9,11,NULL,'<p>ㅎㅎㅎ</p>','1',0,'2023-12-02 15:53:02','2023-12-02 15:53:02'),
(10,11,NULL,'<p><img src=\"http://192.168.0.100:8080/file/img/226c8a0c-3558-4643-9aef-ad67461c7b47.png\" width=\"486\" height=\"480.5027043012622\" style=\"cursor: nwse-resize;\">ㅎㅎㅎ</p>','1',0,'2023-12-02 15:55:27','2023-12-02 15:55:27'),
(11,11,NULL,'<p><img src=\"http://192.168.0.100:8080/file/img/a7d6322a-600f-4cd1-830b-78a8cfaa3c56.png\" width=\"275\" height=\"196.05489366478955\" style=\"cursor: nwse-resize;\"></p>','1',0,'2023-12-02 16:00:30','2023-12-02 16:00:30'),
(12,11,NULL,'<p>gggg<img src=\"http://192.168.0.100:8080/file/img/26f83316-8d0b-4f7b-a0df-bd2f0b8cd332.png\" width=\"292\" height=\"288.6970980575485\" style=\"cursor: nwse-resize;\"></p>','1',0,'2023-12-02 16:02:37','2023-12-02 16:02:37'),
(13,11,NULL,'<p><img src=\"http://192.168.0.100:8080/file/img/bb82518c-19a6-49a6-9045-bb37a7ccba35.png\"></p>','1',0,'2023-12-02 16:06:15','2023-12-02 16:06:15'),
(14,11,NULL,'<p><img src=\"http://192.168.0.100:8080/file/img/0c92c701-2bba-4f86-a604-9edd72733f8a.png\" width=\"67\" height=\"86.18999946645174\" style=\"\"></p>','1',0,'2023-12-02 16:07:05','2023-12-02 16:07:05'),
(15,22,NULL,'<p><img src=\"http://192.168.0.100:8080/file/img/eba19c49-5dc3-44f9-a3bd-173278624d49.png\" width=\"1108\" height=\"1428.9379040158688\" style=\"\"></p>','1',0,'2023-12-02 20:56:43','2023-12-02 20:56:43'),
(16,22,NULL,'<iframe class=\"ql-video\" frameborder=\"0\" allowfullscreen=\"true\" src=\"https://www.youtube.com/embed/xORSOaPKenM?showinfo=0\" data-blot-formatter-unclickable-bound=\"true\" width=\"478\" height=\"239\" style=\"\"></iframe><p><br></p>','1',0,'2023-12-02 21:02:16','2023-12-02 21:02:16'),
(17,21,NULL,'<p>테스트</p>','1',0,'2023-12-02 21:06:43','2023-12-02 21:06:43'),
(18,21,NULL,'ㅎㅎ','1',0,'2023-12-02 21:10:28','2023-12-02 21:10:28'),
(19,11,NULL,'멍청이http://192.168.0.100:8080/file/img/253c0cb5-ec09-48fb-8a08-f18489d05a77.png','1',0,'2023-12-02 21:10:42','2023-12-02 21:10:42'),
(20,11,12,'빠아아아안?<img src=\"http://192.168.0.100:8080/file/img/2b82b643-fec1-4bc9-8826-ca6450556c7a.png\" alt=\"대댓글 이미지\">','1',0,'2023-12-02 21:13:50','2023-12-02 21:13:50'),
(21,22,15,'가운데임😅😅😆😆http://192.168.0.100:8080/file/img/711fa65e-b021-45a2-a796-486874ec81e7.png','1',0,'2023-12-02 21:15:04','2023-12-02 21:15:04'),
(22,22,21,'가운데22 임😀😀😀😉😚😚<img src=\"http://192.168.0.100:8080/file/img/4be867e6-57a4-4972-af3a-c61393db5faf.png\" alt=\"대댓글 이미지\">','1',0,'2023-12-02 21:15:31','2023-12-02 21:15:31'),
(23,13,NULL,'<p>1</p>','1',0,'2023-12-02 21:17:35','2023-12-02 21:17:35'),
(24,13,NULL,'<p>2</p>','1',0,'2023-12-02 21:17:37','2023-12-02 21:17:37'),
(25,13,NULL,'<p>3</p>','1',0,'2023-12-02 21:17:39','2023-12-02 21:17:39'),
(26,13,24,'ㅎㅎ<img src=\"http://192.168.0.100:8080/file/img/f7dc8fc7-a55f-4354-a029-ecf226f041e6.png\" alt=\"대댓글 이미지\">','1',0,'2023-12-02 21:17:46','2023-12-02 21:17:46'),
(27,13,23,'대댓글 ㅋㅋ','1',0,'2023-12-02 21:25:52','2023-12-02 21:25:52'),
(28,13,23,'대대대대댓글 ㅋㅋ','1',0,'2023-12-02 21:25:58','2023-12-02 21:25:58'),
(29,13,23,'ㅋㅋㅋ','1',0,'2023-12-02 21:28:08','2023-12-02 21:28:08'),
(30,13,23,'ㅋㅋㅋㅋㅋ','1',0,'2023-12-02 21:28:11','2023-12-02 21:28:11'),
(31,13,23,'ㅎㅎ<img src=\"http://192.168.0.100:8080/file/img/daae25f9-789f-4d9a-9b29-a6d23bd94fa4.png\" alt=\"대댓글 이미지\">','1',0,'2023-12-02 21:28:34','2023-12-02 21:28:34'),
(32,21,17,'대댓긇','1',0,'2023-12-02 22:00:48','2023-12-02 22:02:38'),
(33,7,NULL,'<p>한솔이 이삐다<img src=\"http://localhost:8080/file/img/7e62a398-a4c0-4f55-ac00-217fde246e82.jpeg\" width=\"443\" height=\"590.6605852191999\" style=\"\"></p>','1',0,'2023-12-03 15:47:14','2023-12-03 15:47:14'),
(34,7,33,'한솔이의 실체를 고발합니다!😫<img src=\"http://localhost:8080/file/img/56b979dd-9f17-465e-887c-70a765228620.jpeg\" alt=\"대댓글 이미지\">','1',0,'2023-12-03 15:48:11','2023-12-03 15:48:11'),
(35,23,NULL,'<iframe class=\"ql-video\" frameborder=\"0\" allowfullscreen=\"true\" src=\"https://www.youtube.com/embed/QTbQfXDltX0?showinfo=0\" data-blot-formatter-unclickable-bound=\"true\"></iframe><p><br></p>','1',0,'2023-12-03 15:49:17','2023-12-03 15:49:17'),
(36,26,NULL,'<p><img src=\"http://localhost:8080/file/img/0adb495f-9b4a-4e29-905c-80a1e455f820.jpeg\"></p>','1',0,'2023-12-03 17:47:00','2023-12-03 17:47:00'),
(37,26,NULL,'<p><img src=\"http://localhost:8080/file/img/e8ba3f4d-f18d-4c24-93b6-94b6dd58b851.jpeg\" width=\"129\" height=\"96.7493225216898\" style=\"\"></p>','1',0,'2023-12-03 17:47:20','2023-12-03 17:47:20'),
(38,13,30,'테스트','1',0,'2023-12-03 17:56:18','2023-12-03 17:56:18'),
(39,13,26,'ㅋㅋ','1',0,'2023-12-03 17:56:28','2023-12-03 17:56:28'),
(40,13,30,'ㅋㅋㅋㅋ 위에 댓글달기','1',0,'2023-12-03 21:09:58','2023-12-03 21:09:58'),
(41,26,NULL,'<p>qwe</p>','1',0,'2023-12-04 16:33:23','2023-12-04 16:33:23'),
(42,22,NULL,'<p>ㅎㅎ</p>','1',0,'2023-12-04 16:54:21','2023-12-04 16:54:21'),
(43,22,16,'ㅂㅂ','1',0,'2023-12-04 16:54:28','2023-12-04 16:54:28'),
(44,27,NULL,'<p>테스트 댓글</p>','1',0,'2023-12-04 20:32:11','2023-12-04 20:32:11'),
(45,27,NULL,'<p>다른 계정 댓글</p>','2',0,'2023-12-04 20:33:48','2023-12-04 20:33:48');
/*!40000 ALTER TABLE `comment` ENABLE KEYS */;
UNLOCK TABLES;

--
-- Table structure for table `commoncode`
--

DROP TABLE IF EXISTS `commoncode`;
/*!40101 SET @saved_cs_client     = @@character_set_client */;
/*!40101 SET character_set_client = utf8 */;
CREATE TABLE `commoncode` (
  `cmm_cde_val` varchar(255) NOT NULL,
  `description` varchar(255) DEFAULT NULL,
  `created_at` timestamp NULL DEFAULT current_timestamp(),
  `updated_at` timestamp NULL DEFAULT current_timestamp() ON UPDATE current_timestamp(),
  PRIMARY KEY (`cmm_cde_val`)
) ENGINE=InnoDB DEFAULT CHARSET=utf8mb4 COLLATE=utf8mb4_general_ci;
/*!40101 SET character_set_client = @saved_cs_client */;

--
-- Dumping data for table `commoncode`
--

LOCK TABLES `commoncode` WRITE;
/*!40000 ALTER TABLE `commoncode` DISABLE KEYS */;
INSERT INTO `commoncode` VALUES
('A01','알림 종류','2023-11-17 10:58:40','2023-11-17 10:58:40');
/*!40000 ALTER TABLE `commoncode` ENABLE KEYS */;
UNLOCK TABLES;

--
-- Table structure for table `detailcode`
--

DROP TABLE IF EXISTS `detailcode`;
/*!40101 SET @saved_cs_client     = @@character_set_client */;
/*!40101 SET character_set_client = utf8 */;
CREATE TABLE `detailcode` (
  `cmm_cde_val` varchar(255) NOT NULL,
  `dte_cde_val` varchar(255) NOT NULL,
  `codeName` varchar(255) NOT NULL,
  `description` varchar(255) DEFAULT NULL,
  `created_at` timestamp NULL DEFAULT current_timestamp(),
  `updated_at` timestamp NULL DEFAULT current_timestamp() ON UPDATE current_timestamp(),
  PRIMARY KEY (`cmm_cde_val`,`dte_cde_val`),
  CONSTRAINT `detailcode_ibfk_1` FOREIGN KEY (`cmm_cde_val`) REFERENCES `commoncode` (`cmm_cde_val`)
) ENGINE=InnoDB DEFAULT CHARSET=utf8mb4 COLLATE=utf8mb4_general_ci;
/*!40101 SET character_set_client = @saved_cs_client */;

--
-- Dumping data for table `detailcode`
--

LOCK TABLES `detailcode` WRITE;
/*!40000 ALTER TABLE `detailcode` DISABLE KEYS */;
INSERT INTO `detailcode` VALUES
('A01','01','게시글','게시글','2023-11-17 11:00:13','2023-11-17 11:00:13'),
('A01','02','댓글','댓글','2023-11-17 11:00:13','2023-11-17 11:00:13'),
('A01','03','개인채팅','개인채팅','2023-11-17 11:00:13','2023-11-17 11:00:13');
/*!40000 ALTER TABLE `detailcode` ENABLE KEYS */;
UNLOCK TABLES;

--
-- Table structure for table `failedloginattempt`
--

DROP TABLE IF EXISTS `failedloginattempt`;
/*!40101 SET @saved_cs_client     = @@character_set_client */;
/*!40101 SET character_set_client = utf8 */;
CREATE TABLE `failedloginattempt` (
  `seq` int(11) NOT NULL AUTO_INCREMENT,
  `user_id` int(11) DEFAULT NULL,
  `status` enum('SUCCESS','FAIL','ERROR') DEFAULT NULL,
  `timestamp` timestamp NULL DEFAULT current_timestamp(),
  PRIMARY KEY (`seq`),
  KEY `user_id` (`user_id`),
  CONSTRAINT `failedloginattempts_FK` FOREIGN KEY (`seq`) REFERENCES `users` (`seq`)
) ENGINE=InnoDB DEFAULT CHARSET=utf8mb4 COLLATE=utf8mb4_general_ci COMMENT='로그인_실패_횟수';
/*!40101 SET character_set_client = @saved_cs_client */;

--
-- Dumping data for table `failedloginattempt`
--

LOCK TABLES `failedloginattempt` WRITE;
/*!40000 ALTER TABLE `failedloginattempt` DISABLE KEYS */;
/*!40000 ALTER TABLE `failedloginattempt` ENABLE KEYS */;
UNLOCK TABLES;

--
-- Table structure for table `friend`
--

DROP TABLE IF EXISTS `friend`;
/*!40101 SET @saved_cs_client     = @@character_set_client */;
/*!40101 SET character_set_client = utf8 */;
CREATE TABLE `friend` (
  `seq` int(11) NOT NULL AUTO_INCREMENT,
  `user_seq` int(11) DEFAULT NULL,
  `friend_seq` int(11) DEFAULT NULL,
  `created_at` timestamp NULL DEFAULT current_timestamp(),
  PRIMARY KEY (`seq`)
) ENGINE=InnoDB AUTO_INCREMENT=4 DEFAULT CHARSET=utf8mb4 COLLATE=utf8mb4_general_ci;
/*!40101 SET character_set_client = @saved_cs_client */;

--
-- Dumping data for table `friend`
--

LOCK TABLES `friend` WRITE;
/*!40000 ALTER TABLE `friend` DISABLE KEYS */;
INSERT INTO `friend` VALUES
(3,1,2,'2023-11-28 11:04:27');
/*!40000 ALTER TABLE `friend` ENABLE KEYS */;
UNLOCK TABLES;

--
-- Table structure for table `likes`
--

DROP TABLE IF EXISTS `likes`;
/*!40101 SET @saved_cs_client     = @@character_set_client */;
/*!40101 SET character_set_client = utf8 */;
CREATE TABLE `likes` (
  `mode` varchar(100) NOT NULL,
  `content_seq` int(11) DEFAULT NULL,
  `user_seq` int(11) NOT NULL,
  `is_up` tinyint(1) NOT NULL,
  `created_at` timestamp NULL DEFAULT current_timestamp()
) ENGINE=InnoDB DEFAULT CHARSET=utf8mb4 COLLATE=utf8mb4_general_ci;
/*!40101 SET character_set_client = @saved_cs_client */;

--
-- Dumping data for table `likes`
--

LOCK TABLES `likes` WRITE;
/*!40000 ALTER TABLE `likes` DISABLE KEYS */;
/*!40000 ALTER TABLE `likes` ENABLE KEYS */;
UNLOCK TABLES;

--
-- Table structure for table `rooms`
--

DROP TABLE IF EXISTS `rooms`;
/*!40101 SET @saved_cs_client     = @@character_set_client */;
/*!40101 SET character_set_client = utf8 */;
CREATE TABLE `rooms` (
  `seq` int(11) NOT NULL AUTO_INCREMENT,
  `title` varchar(255) DEFAULT NULL,
  `topic` varchar(255) DEFAULT NULL,
  `is_locked` tinyint(1) DEFAULT NULL,
  `is_delete` tinyint(1) DEFAULT NULL,
  `password` varchar(255) DEFAULT NULL,
  `password_salt` varchar(255) DEFAULT NULL,
  `max_participant` int(11) DEFAULT NULL,
  `current_participant` int(11) DEFAULT NULL,
  `owner_seq` int(11) DEFAULT NULL,
  `created_at` timestamp NULL DEFAULT current_timestamp(),
  PRIMARY KEY (`seq`)
) ENGINE=InnoDB AUTO_INCREMENT=28 DEFAULT CHARSET=utf8mb4 COLLATE=utf8mb4_general_ci;
/*!40101 SET character_set_client = @saved_cs_client */;

--
-- Dumping data for table `rooms`
--

LOCK TABLES `rooms` WRITE;
/*!40000 ALTER TABLE `rooms` DISABLE KEYS */;
INSERT INTO `rooms` VALUES
(20,'테스트 방입니다.','ㅎㅎ',1,1,'f2d378eb1774612eb30d5a2a97389469ef0126607a880d8cd4c4044dea143bf3','d1c9c100ab57ab801fd8854cf773f2d5',5,-3,1,'2023-11-12 04:18:13'),
(21,'미팅 생성해보겠습니다','안녕하세요.',1,1,'f2d378eb1774612eb30d5a2a97389469ef0126607a880d8cd4c4044dea143bf3','d1c9c100ab57ab801fd8854cf773f2d5',3,-1,2,'2023-11-12 10:15:26'),
(22,'g','id',1,1,'f2d378eb1774612eb30d5a2a97389469ef0126607a880d8cd4c4044dea143bf3','d1c9c100ab57ab801fd8854cf773f2d5',5,-1,1,'2023-11-14 06:39:46'),
(23,'asd','qwe',1,1,'f2d378eb1774612eb30d5a2a97389469ef0126607a880d8cd4c4044dea143bf3','d1c9c100ab57ab801fd8854cf773f2d5',5,-1,1,'2023-11-17 07:11:54'),
(24,'하이요','ㅎㅎ',0,1,NULL,NULL,5,0,1,'2023-11-17 07:15:33'),
(26,'제목ㅋㅋ','내용ㅎㅎㅎㅋㅋㅋㅋ',0,0,NULL,NULL,2,-2,1,'2023-11-28 06:40:30'),
(27,'비밀번호방 생성','ㅎㅎ',1,0,'69651ac94179c380e4a450b0de9812f9a7fa6f8e235732a2acd75a0cfc597a4f','a754d98af16bf12492ae42c5210ec7e4',2,0,1,'2023-11-29 02:50:24');
/*!40000 ALTER TABLE `rooms` ENABLE KEYS */;
UNLOCK TABLES;

--
-- Table structure for table `task_category`
--

DROP TABLE IF EXISTS `task_category`;
/*!40101 SET @saved_cs_client     = @@character_set_client */;
/*!40101 SET character_set_client = utf8 */;
CREATE TABLE `task_category` (
  `seq` int(11) NOT NULL AUTO_INCREMENT,
  `category_nm` varchar(100) DEFAULT NULL,
  `user_seq` int(11) DEFAULT NULL,
  `is_delete` tinyint(1) DEFAULT 0,
  `task_order` int(11) DEFAULT NULL,
  `created_at` timestamp NULL DEFAULT current_timestamp(),
  `updated_at` timestamp NULL DEFAULT current_timestamp(),
  PRIMARY KEY (`seq`)
) ENGINE=InnoDB AUTO_INCREMENT=17 DEFAULT CHARSET=utf8mb4 COLLATE=utf8mb4_general_ci;
/*!40101 SET character_set_client = @saved_cs_client */;

--
-- Dumping data for table `task_category`
--

LOCK TABLES `task_category` WRITE;
/*!40000 ALTER TABLE `task_category` DISABLE KEYS */;
INSERT INTO `task_category` VALUES
(14,'ㅎㅎ',1,1,10,'2023-11-27 07:31:24','2023-11-27 07:31:38'),
(15,'ㅎㅎ',1,0,11,'2023-11-27 11:33:14','2023-11-27 11:33:19'),
(16,'새로운 카테고리',1,0,12,'2023-11-28 08:58:14','2023-11-28 08:58:14');
/*!40000 ALTER TABLE `task_category` ENABLE KEYS */;
UNLOCK TABLES;

--
-- Table structure for table `task_share`
--

DROP TABLE IF EXISTS `task_share`;
/*!40101 SET @saved_cs_client     = @@character_set_client */;
/*!40101 SET character_set_client = utf8 */;
CREATE TABLE `task_share` (
  `seq` int(11) NOT NULL AUTO_INCREMENT,
  `TASK_SEQ` int(11) DEFAULT NULL,
  `user_seq` int(11) DEFAULT NULL,
  `SHARE_DATE` date DEFAULT NULL,
  `CAPTION` text DEFAULT NULL,
  PRIMARY KEY (`seq`),
  KEY `task_share_FK` (`TASK_SEQ`),
  CONSTRAINT `task_share_FK` FOREIGN KEY (`TASK_SEQ`) REFERENCES `tasks` (`SEQ`)
) ENGINE=InnoDB AUTO_INCREMENT=11 DEFAULT CHARSET=utf8mb4 COLLATE=utf8mb4_general_ci;
/*!40101 SET character_set_client = @saved_cs_client */;

--
-- Dumping data for table `task_share`
--

LOCK TABLES `task_share` WRITE;
/*!40000 ALTER TABLE `task_share` DISABLE KEYS */;
INSERT INTO `task_share` VALUES
(6,41,2,'2023-11-27','ㅎㅎ'),
(7,43,1,'2023-11-27','ㅁㄴㅇㅁㄴㅇ'),
(8,43,2,'2023-11-27','ㅁㄴㅇㅁㄴㅇ'),
(9,43,3,'2023-11-27','ㅁㄴㅇㅁㄴㅇ'),
(10,44,2,'2023-11-28','잘받아');
/*!40000 ALTER TABLE `task_share` ENABLE KEYS */;
UNLOCK TABLES;

--
-- Table structure for table `tasks`
--

DROP TABLE IF EXISTS `tasks`;
/*!40101 SET @saved_cs_client     = @@character_set_client */;
/*!40101 SET character_set_client = utf8 */;
CREATE TABLE `tasks` (
  `SEQ` int(11) NOT NULL AUTO_INCREMENT,
  `TITLE` varchar(100) NOT NULL,
  `CATEGORY_SEQ` varchar(10) DEFAULT NULL,
  `CONTENT` longtext DEFAULT NULL,
  `IS_DELETE` tinyint(1) DEFAULT 0,
  `IS_IMPORTANT` tinyint(1) DEFAULT 0,
  `USER_SEQ` int(11) DEFAULT NULL,
  `BG_COLOR` varchar(7) DEFAULT NULL,
  `TEXT_COLOR` varchar(7) DEFAULT NULL,
  `START_DATE` date DEFAULT NULL,
  `END_DATE` date DEFAULT NULL,
  `START_TIME` time DEFAULT NULL,
  `END_TIME` time DEFAULT NULL,
  `CREATED_AT` timestamp NULL DEFAULT current_timestamp(),
  `UPDATED_AT` timestamp NULL DEFAULT current_timestamp() ON UPDATE current_timestamp(),
  PRIMARY KEY (`SEQ`)
) ENGINE=InnoDB AUTO_INCREMENT=45 DEFAULT CHARSET=utf8mb4 COLLATE=utf8mb4_general_ci;
/*!40101 SET character_set_client = @saved_cs_client */;

--
-- Dumping data for table `tasks`
--

LOCK TABLES `tasks` WRITE;
/*!40000 ALTER TABLE `tasks` DISABLE KEYS */;
INSERT INTO `tasks` VALUES
(39,'ㅋㅋ','14','<p>ㅎㅎ</p>',1,0,1,'#3688D8','#ffffff','2023-11-14','2023-11-15','00:00:00','23:59:00','2023-11-27 10:31:25','2023-11-27 11:21:57'),
(41,'공유 테스트','14','<p>ㅋㅋ</p>',1,0,1,'#FFFFFF','#020202','2023-10-31','2023-10-31','00:00:00','23:59:00','2023-11-27 11:06:58','2023-11-27 11:21:45'),
(42,'ㅁㄴㅇ','15','<p>ㅁㄴㅇ</p>',0,0,1,'#3688D8','#ffffff','2023-10-29','2023-10-29','00:00:00','23:59:00','2023-11-27 11:33:23','2023-11-27 11:33:23'),
(43,'공유 테스트','15','<p>ㅎㅎ</p>',0,0,1,'#3688D8','#ffffff','2023-11-09','2023-11-09','00:00:00','23:59:00','2023-11-27 11:34:58','2023-11-29 05:28:25'),
(44,'공유해드림 ㅋㅋㅎㅎㅎ','16','<p>ㅎㅎ</p>',0,0,1,'#3688D8','#ffffff','2023-11-06','2023-11-06','00:00:00','23:59:00','2023-11-28 08:58:36','2023-11-28 08:58:36');
/*!40000 ALTER TABLE `tasks` ENABLE KEYS */;
UNLOCK TABLES;

--
-- Table structure for table `test`
--

DROP TABLE IF EXISTS `test`;
/*!40101 SET @saved_cs_client     = @@character_set_client */;
/*!40101 SET character_set_client = utf8 */;
CREATE TABLE `test` (
  `a` date DEFAULT NULL,
  `b` time DEFAULT NULL
) ENGINE=InnoDB DEFAULT CHARSET=utf8mb4 COLLATE=utf8mb4_general_ci;
/*!40101 SET character_set_client = @saved_cs_client */;

--
-- Dumping data for table `test`
--

LOCK TABLES `test` WRITE;
/*!40000 ALTER TABLE `test` DISABLE KEYS */;
INSERT INTO `test` VALUES
('2023-11-22','06:30:00');
/*!40000 ALTER TABLE `test` ENABLE KEYS */;
UNLOCK TABLES;

--
-- Table structure for table `uploaded_files`
--

DROP TABLE IF EXISTS `uploaded_files`;
/*!40101 SET @saved_cs_client     = @@character_set_client */;
/*!40101 SET character_set_client = utf8 */;
CREATE TABLE `uploaded_files` (
  `seq` int(11) NOT NULL AUTO_INCREMENT,
  `original_name` varchar(255) NOT NULL,
  `new_name` varchar(255) NOT NULL,
  `upload_path` varchar(255) NOT NULL,
  `extension` varchar(10) DEFAULT NULL,
  `created_at` timestamp NULL DEFAULT current_timestamp(),
  PRIMARY KEY (`seq`)
) ENGINE=InnoDB AUTO_INCREMENT=78 DEFAULT CHARSET=utf8mb4 COLLATE=utf8mb4_general_ci;
/*!40101 SET character_set_client = @saved_cs_client */;

--
-- Dumping data for table `uploaded_files`
--

LOCK TABLES `uploaded_files` WRITE;
/*!40000 ALTER TABLE `uploaded_files` DISABLE KEYS */;
INSERT INTO `uploaded_files` VALUES
(1,'성적 증명서 001.jpg','4d0fc5cc-6aee-405c-ab9f-59a2e69f644a.jpg','c:\\file\\4d0fc5cc-6aee-405c-ab9f-59a2e69f644a.jpg','.jpg','2023-11-14 08:36:58'),
(2,'160x200.png','0f021070-abfa-4fd6-8871-29bb20efe261.png','c:\\file\\0f021070-abfa-4fd6-8871-29bb20efe261.png','.png','2023-11-14 08:38:43'),
(3,'160x200.png','c13f7d34-6e17-4616-a55c-44097fd05d69.png','c:\\file\\c13f7d34-6e17-4616-a55c-44097fd05d69.png','.png','2023-11-14 08:40:31'),
(4,'성적 증명서 001.jpg','7afc98a6-2e6c-4633-9ee6-b3456ceb3cbe.jpg','c:\\file\\7afc98a6-2e6c-4633-9ee6-b3456ceb3cbe.jpg','.jpg','2023-11-14 08:42:19'),
(5,'성적 증명서 001.jpg','079835a0-aad9-41fc-b245-af97a979abe0.jpg','C:\\files\\img\\079835a0-aad9-41fc-b245-af97a979abe0.jpg','.jpg','2023-11-14 08:54:30'),
(6,'스크린샷 2023-10-26 112502.png','7e70cbc6-cfca-496b-9f6e-4946a0e63f36.png','C:\\files\\img\\7e70cbc6-cfca-496b-9f6e-4946a0e63f36.png','.png','2023-11-14 10:26:35'),
(7,'스크린샷 2023-08-16 142121.png','844b92b6-a604-42b3-ac18-36f9106744f6.png','C:\\files\\img\\844b92b6-a604-42b3-ac18-36f9106744f6.png','.png','2023-11-14 10:27:35'),
(8,'스크린샷 2023-09-19 125535.png','2d4fa190-9474-43e7-bd3d-52dc7b7a0285.png','C:\\files\\img\\2d4fa190-9474-43e7-bd3d-52dc7b7a0285.png','.png','2023-11-14 10:28:06'),
(9,'스크린샷 2023-08-16 141928.png','924de1bb-42d9-491d-b304-bdab66091e90.png','C:\\files\\img\\924de1bb-42d9-491d-b304-bdab66091e90.png','.png','2023-11-14 10:30:16'),
(10,'스크린샷 2023-08-16 141928.png','cdc066fc-b5d7-418b-9db4-fce47bf4bb8b.png','C:\\files\\img\\cdc066fc-b5d7-418b-9db4-fce47bf4bb8b.png','.png','2023-11-14 10:30:44'),
(11,'스크린샷 2023-08-19 010541.png','38b1b8cd-7bed-4ac5-8900-218cb3bb990a.png','C:\\files\\img\\38b1b8cd-7bed-4ac5-8900-218cb3bb990a.png','.png','2023-11-14 10:31:12'),
(12,'스크린샷 2023-10-26 112354.png','c7fe3bbb-6c25-4baf-8bbf-a0e7f3adfb31.png','C:\\files\\img\\c7fe3bbb-6c25-4baf-8bbf-a0e7f3adfb31.png','.png','2023-11-14 10:31:30'),
(13,'스크린샷 2023-08-16 142312.png','07ba90a4-cc08-4ca2-9958-2b8e782e89ac.png','C:\\files\\img\\07ba90a4-cc08-4ca2-9958-2b8e782e89ac.png','.png','2023-11-14 11:00:25'),
(14,'IMG_6339.jpeg','2a938793-d496-4920-a322-9322493ef3a7.jpeg','/Users/wj/Desktop/CodingTest/files/img/2a938793-d496-4920-a322-9322493ef3a7.jpeg','.jpeg','2023-11-17 05:57:58'),
(15,'스크린샷 2023-10-03 오후 4.10.22.png','2763296c-c0a4-4e48-b921-ed688851673f.png','/Users/wj/Desktop/CodingTest/files/img/2763296c-c0a4-4e48-b921-ed688851673f.png','.png','2023-11-17 06:06:50'),
(16,'IMG_6327.jpeg','50af2d33-491f-4138-9fd8-5d906f5d4311.jpeg','/Users/wj/Desktop/CodingTest/files/img/50af2d33-491f-4138-9fd8-5d906f5d4311.jpeg','.jpeg','2023-11-17 06:10:11'),
(17,'IMG_6330.jpeg','83f6446b-159e-41cc-b961-10f1807f01d5.jpeg','/Users/wj/Desktop/CodingTest/files/img/83f6446b-159e-41cc-b961-10f1807f01d5.jpeg','.jpeg','2023-11-17 06:40:11'),
(18,'CatalystAstro Collectibles - Collection _ OpenSea.jpg','00c0c62d-cb3f-4149-99f1-b213cf4f97fa.jpg','C:\\files\\img\\00c0c62d-cb3f-4149-99f1-b213cf4f97fa.jpg','.jpg','2023-11-18 10:07:31'),
(20,'IMG_6370.jpeg','1ceb7fd6-811c-4fd7-a85a-275b0741a771.jpeg','/Users/wj/Desktop/CodingTest/files/img/1ceb7fd6-811c-4fd7-a85a-275b0741a771.jpeg','.jpeg','2023-11-21 07:07:23'),
(21,'IMG_6374.jpeg','84f1080d-d2c7-4889-9d9a-382a17c1dc21.jpeg','/Users/wj/Desktop/CodingTest/files/img/84f1080d-d2c7-4889-9d9a-382a17c1dc21.jpeg','.jpeg','2023-11-28 08:59:16'),
(22,'스크린샷 2023-08-16 141928.png','ffa902b9-7ca6-4f70-8d10-16d130fe739d.png','C:\\files\\img\\ffa902b9-7ca6-4f70-8d10-16d130fe739d.png','.png','2023-12-01 05:38:36'),
(23,'스크린샷 2023-08-16 141928.png','59a4cecc-f0c0-46a2-a85d-cc7c1746f756.png','C:\\files\\img\\59a4cecc-f0c0-46a2-a85d-cc7c1746f756.png','.png','2023-12-01 05:38:44'),
(24,'스크린샷 2023-08-16 141928.png','c226b2cd-bf30-4b2a-8b6d-5ab892a95110.png','C:\\files\\img\\c226b2cd-bf30-4b2a-8b6d-5ab892a95110.png','.png','2023-12-01 05:39:17'),
(25,'스크린샷 2023-08-16 141928.png','533cc6ab-b149-435a-b250-de7ed65dbd3e.png','C:\\files\\img\\533cc6ab-b149-435a-b250-de7ed65dbd3e.png','.png','2023-12-01 05:39:23'),
(26,'스크린샷 2023-08-16 141928.png','5610fdb7-9cd2-4f25-95c6-b5e4f0e755d8.png','C:\\files\\img\\5610fdb7-9cd2-4f25-95c6-b5e4f0e755d8.png','.png','2023-12-01 05:41:51'),
(27,'스크린샷 2023-08-16 141928.png','370020cf-ba1a-4ceb-9219-989face30098.png','C:\\files\\img\\370020cf-ba1a-4ceb-9219-989face30098.png','.png','2023-12-01 05:42:09'),
(28,'스크린샷 2023-08-16 141928.png','6c64f34b-4005-4ae2-a2d0-2d2edda19178.png','C:\\files\\img\\6c64f34b-4005-4ae2-a2d0-2d2edda19178.png','.png','2023-12-01 05:45:16'),
(29,'스크린샷 2023-08-16 141928.png','564796b7-9ac7-4520-ac79-f2cf6cf74560.png','C:\\files\\img\\564796b7-9ac7-4520-ac79-f2cf6cf74560.png','.png','2023-12-01 05:45:41'),
(30,'스크린샷 2023-08-16 141928.png','34a3832c-586e-401d-968b-5c8a892b2bca.png','C:\\files\\img\\34a3832c-586e-401d-968b-5c8a892b2bca.png','.png','2023-12-01 05:46:18'),
(31,'스크린샷 2023-08-16 141928.png','4358f853-a09a-4896-ba20-64cd96e8134e.png','C:\\files\\img\\4358f853-a09a-4896-ba20-64cd96e8134e.png','.png','2023-12-01 05:48:08'),
(32,'스크린샷 2023-08-16 141928.png','712fa4c1-2699-4154-984f-486304ca7edf.png','C:\\files\\img\\712fa4c1-2699-4154-984f-486304ca7edf.png','.png','2023-12-01 05:48:59'),
(33,'스크린샷 2023-08-16 141928.png','548e036a-f018-435b-8fc0-0fca406cd463.png','C:\\files\\img\\548e036a-f018-435b-8fc0-0fca406cd463.png','.png','2023-12-01 05:49:37'),
(34,'스크린샷 2023-08-16 141928.png','84df954a-304f-4870-b9e9-c88e5fdfd823.png','C:\\files\\img\\84df954a-304f-4870-b9e9-c88e5fdfd823.png','.png','2023-12-01 05:51:27'),
(35,'스크린샷 2023-08-16 141928.png','f1af1411-0295-46be-b775-56f861a03ded.png','C:\\files\\img\\f1af1411-0295-46be-b775-56f861a03ded.png','.png','2023-12-01 05:54:04'),
(36,'스크린샷 2023-08-16 141928.png','603e19de-4929-47d9-aaff-565c5b48853e.png','C:\\files\\img\\603e19de-4929-47d9-aaff-565c5b48853e.png','.png','2023-12-01 08:35:49'),
(37,'스크린샷 2023-08-16 141928.png','2f389b92-2c91-479b-9173-5ac745e974c5.png','C:\\files\\img\\2f389b92-2c91-479b-9173-5ac745e974c5.png','.png','2023-12-01 08:35:51'),
(38,'스크린샷 2023-08-16 141928.png','e50bee5e-2e70-4f64-8301-e7c595bf1b84.png','C:\\files\\img\\e50bee5e-2e70-4f64-8301-e7c595bf1b84.png','.png','2023-12-01 08:35:54'),
(39,'CanMusic_0517230335.bmp','c4738e4b-f146-484a-9121-32314c938125.bmp','C:\\files\\img\\c4738e4b-f146-484a-9121-32314c938125.bmp','.bmp','2023-12-01 16:11:36'),
(40,'_a4c77198-c47f-49e5-a592-7bdac8a49744.jpg','b985c780-f721-4981-8ea5-ea8f034c9c51.jpg','C:\\files\\img\\b985c780-f721-4981-8ea5-ea8f034c9c51.jpg','.jpg','2023-12-01 16:12:04'),
(41,'_4e37e2c3-7bc8-4236-8115-30246fca628c.jpg','0329158f-779a-4085-a1ad-a566529cb8a4.jpg','C:\\files\\img\\0329158f-779a-4085-a1ad-a566529cb8a4.jpg','.jpg','2023-12-01 16:12:17'),
(42,'10189_344618.jpg','43526836-1856-4ade-9145-2a5d8bbda7b0.jpg','C:\\files\\img\\43526836-1856-4ade-9145-2a5d8bbda7b0.jpg','.jpg','2023-12-01 16:13:37'),
(43,'a2e54ee09dc4a2aadd41409ac054f70c.jpg','08f61cd0-6dbf-47c4-87df-a2c6b1012ee3.jpg','C:\\files\\img\\08f61cd0-6dbf-47c4-87df-a2c6b1012ee3.jpg','.jpg','2023-12-01 16:13:41'),
(44,'_a4c77198-c47f-49e5-a592-7bdac8a49744.jpg','8d084f72-8845-4ef9-9bbe-b34b0cc8f432.jpg','C:\\files\\img\\8d084f72-8845-4ef9-9bbe-b34b0cc8f432.jpg','.jpg','2023-12-01 16:14:14'),
(45,'스크린샷 2023-08-16 142121.png','3aa59857-4af5-47fc-9920-3b278c111278.png','C:\\files\\img\\3aa59857-4af5-47fc-9920-3b278c111278.png','.png','2023-12-01 16:26:35'),
(46,'스크린샷 2023-08-20 213851.png','ece4c5d4-c178-4130-bbe9-6645c7bdfbf6.png','C:\\files\\img\\ece4c5d4-c178-4130-bbe9-6645c7bdfbf6.png','.png','2023-12-02 06:22:43'),
(47,'스크린샷 2023-08-16 142340.png','226c8a0c-3558-4643-9aef-ad67461c7b47.png','C:\\files\\img\\226c8a0c-3558-4643-9aef-ad67461c7b47.png','.png','2023-12-02 06:55:24'),
(48,'스크린샷 2023-08-20 213851.png','603e549e-fe52-4d67-bcc2-15407b927780.png','C:\\files\\img\\603e549e-fe52-4d67-bcc2-15407b927780.png','.png','2023-12-02 06:57:47'),
(49,'스크린샷 2023-08-16 142121.png','a7d6322a-600f-4cd1-830b-78a8cfaa3c56.png','C:\\files\\img\\a7d6322a-600f-4cd1-830b-78a8cfaa3c56.png','.png','2023-12-02 07:00:27'),
(50,'스크린샷 2023-08-16 142340.png','26f83316-8d0b-4f7b-a0df-bd2f0b8cd332.png','C:\\files\\img\\26f83316-8d0b-4f7b-a0df-bd2f0b8cd332.png','.png','2023-12-02 07:02:34'),
(51,'스크린샷 2023-09-05 185837.png','cd40250b-ffb0-493f-b64e-2ed9c66e17ec.png','C:\\files\\img\\cd40250b-ffb0-493f-b64e-2ed9c66e17ec.png','.png','2023-12-02 07:03:30'),
(52,'스크린샷 2023-08-16 141928.png','bb82518c-19a6-49a6-9045-bb37a7ccba35.png','C:\\files\\img\\bb82518c-19a6-49a6-9045-bb37a7ccba35.png','.png','2023-12-02 07:06:11'),
(53,'스크린샷 2023-09-05 185408.png','0c92c701-2bba-4f86-a604-9edd72733f8a.png','C:\\files\\img\\0c92c701-2bba-4f86-a604-9edd72733f8a.png','.png','2023-12-02 07:06:57'),
(54,'스크린샷 2023-08-20 213903.png','32efdbe3-7252-4fab-903e-756372ff5c88.png','C:\\files\\img\\32efdbe3-7252-4fab-903e-756372ff5c88.png','.png','2023-12-02 11:36:47'),
(55,'스크린샷 2023-08-20 213851.png','d39ef8c3-0194-4e8c-839d-d0113d916ea7.png','C:\\files\\img\\d39ef8c3-0194-4e8c-839d-d0113d916ea7.png','.png','2023-12-02 11:38:22'),
(56,'스크린샷 2023-08-16 141928.png','0e5d5d49-a837-4adf-973f-5ffc3bbddb6b.png','C:\\files\\img\\0e5d5d49-a837-4adf-973f-5ffc3bbddb6b.png','.png','2023-12-02 11:39:18'),
(57,'스크린샷 2023-09-05 185601.png','eba19c49-5dc3-44f9-a3bd-173278624d49.png','C:\\files\\img\\eba19c49-5dc3-44f9-a3bd-173278624d49.png','.png','2023-12-02 11:56:36'),
(58,'스크린샷 2023-08-20 213855.png','253c0cb5-ec09-48fb-8a08-f18489d05a77.png','C:\\files\\img\\253c0cb5-ec09-48fb-8a08-f18489d05a77.png','.png','2023-12-02 12:10:41'),
(59,'스크린샷 2023-08-16 141928.png','2b82b643-fec1-4bc9-8826-ca6450556c7a.png','C:\\files\\img\\2b82b643-fec1-4bc9-8826-ca6450556c7a.png','.png','2023-12-02 12:13:49'),
(60,'스크린샷 2023-08-20 213903.png','ab891c6c-4998-4ad4-9d5f-d1368f861fba.png','C:\\files\\img\\ab891c6c-4998-4ad4-9d5f-d1368f861fba.png','.png','2023-12-02 12:13:56'),
(61,'스크린샷 2023-08-19 010541.png','711fa65e-b021-45a2-a796-486874ec81e7.png','C:\\files\\img\\711fa65e-b021-45a2-a796-486874ec81e7.png','.png','2023-12-02 12:15:02'),
(62,'스크린샷 2023-08-20 213855.png','4be867e6-57a4-4972-af3a-c61393db5faf.png','C:\\files\\img\\4be867e6-57a4-4972-af3a-c61393db5faf.png','.png','2023-12-02 12:15:30'),
(63,'스크린샷 2023-08-16 142121.png','f7dc8fc7-a55f-4354-a029-ecf226f041e6.png','C:\\files\\img\\f7dc8fc7-a55f-4354-a029-ecf226f041e6.png','.png','2023-12-02 12:17:43'),
(64,'스크린샷 2023-08-20 213929.png','daae25f9-789f-4d9a-9b29-a6d23bd94fa4.png','C:\\files\\img\\daae25f9-789f-4d9a-9b29-a6d23bd94fa4.png','.png','2023-12-02 12:28:32'),
(65,'IMG_6377.jpeg','879e757a-3a11-442e-8a99-aa6ffa219992.jpeg','/Users/wj/Desktop/CodingTest/files/img/879e757a-3a11-442e-8a99-aa6ffa219992.jpeg','.jpeg','2023-12-03 06:46:48'),
(66,'IMG_6366.jpeg','7e62a398-a4c0-4f55-ac00-217fde246e82.jpeg','/Users/wj/Desktop/CodingTest/files/img/7e62a398-a4c0-4f55-ac00-217fde246e82.jpeg','.jpeg','2023-12-03 06:47:06'),
(67,'IMG_0006.jpeg','56b979dd-9f17-465e-887c-70a765228620.jpeg','/Users/wj/Desktop/CodingTest/files/img/56b979dd-9f17-465e-887c-70a765228620.jpeg','.jpeg','2023-12-03 06:47:54'),
(68,'IMG_0005.jpeg','541d14a1-b12d-462b-8a0b-a9e81f446deb.jpeg','/Users/wj/Desktop/CodingTest/files/img/541d14a1-b12d-462b-8a0b-a9e81f446deb.jpeg','.jpeg','2023-12-03 06:48:36'),
(69,'IMG_0011.jpeg','80fdf151-bb4c-4596-9d87-8a57d59bc5d3.jpeg','/Users/wj/Desktop/CodingTest/files/img/80fdf151-bb4c-4596-9d87-8a57d59bc5d3.jpeg','.jpeg','2023-12-03 08:10:19'),
(70,'IMG_0011.jpeg','152ce1dd-b707-47e0-babe-17eb7542746d.jpeg','/Users/wj/Desktop/CodingTest/files/img/152ce1dd-b707-47e0-babe-17eb7542746d.jpeg','.jpeg','2023-12-03 08:11:34'),
(71,'IMG_0060.png','387f2bd3-097c-44e5-a227-405c039da7e7.png','/Users/wj/Desktop/CodingTest/files/img/387f2bd3-097c-44e5-a227-405c039da7e7.png','.png','2023-12-03 08:14:20'),
(72,'IMG_0008.jpeg','13efd327-b6b2-41d9-92de-0b6437a79055.jpeg','/Users/wj/Desktop/CodingTest/files/img/13efd327-b6b2-41d9-92de-0b6437a79055.jpeg','.jpeg','2023-12-03 08:14:34'),
(73,'IMG_0005.jpeg','cd85d2e7-1bcc-446d-9b19-52893833cb95.jpeg','/Users/wj/Desktop/CodingTest/files/img/cd85d2e7-1bcc-446d-9b19-52893833cb95.jpeg','.jpeg','2023-12-03 08:22:00'),
(74,'IMG_0005.jpeg','6a79a2ed-854a-4bea-9693-d2a7fd28a232.jpeg','/Users/wj/Desktop/CodingTest/files/img/6a79a2ed-854a-4bea-9693-d2a7fd28a232.jpeg','.jpeg','2023-12-03 08:38:34'),
(75,'IMG_0005.jpeg','026a5aac-78aa-4e82-ba52-e7a965cc0f60.jpeg','/Users/wj/Desktop/CodingTest/files/img/026a5aac-78aa-4e82-ba52-e7a965cc0f60.jpeg','.jpeg','2023-12-03 08:44:05'),
(76,'IMG_0005.jpeg','0adb495f-9b4a-4e29-905c-80a1e455f820.jpeg','/Users/wj/Desktop/CodingTest/files/img/0adb495f-9b4a-4e29-905c-80a1e455f820.jpeg','.jpeg','2023-12-03 08:46:58'),
(77,'IMG_0005.jpeg','e8ba3f4d-f18d-4c24-93b6-94b6dd58b851.jpeg','/Users/wj/Desktop/CodingTest/files/img/e8ba3f4d-f18d-4c24-93b6-94b6dd58b851.jpeg','.jpeg','2023-12-03 08:47:13');
/*!40000 ALTER TABLE `uploaded_files` ENABLE KEYS */;
UNLOCK TABLES;

--
-- Table structure for table `users`
--

DROP TABLE IF EXISTS `users`;
/*!40101 SET @saved_cs_client     = @@character_set_client */;
/*!40101 SET character_set_client = utf8 */;
CREATE TABLE `users` (
  `seq` int(11) NOT NULL,
  `id` varchar(50) NOT NULL,
  `password` varchar(255) NOT NULL,
  `password_salt` varchar(255) DEFAULT NULL,
  `photo` varchar(200) DEFAULT NULL,
  `name` varchar(50) DEFAULT NULL,
  `nickname` varchar(100) DEFAULT NULL,
  `email` varchar(255) DEFAULT NULL,
  `status` enum('ACTIVE','UNVERIFIED','DELETED','INACTIVE','LOCK') DEFAULT 'UNVERIFIED',
  `room_character` int(11) DEFAULT 1,
  `room_map` int(11) DEFAULT 1,
  `fail_login_cnt` int(11) DEFAULT 0,
  `created_at` timestamp NULL DEFAULT current_timestamp(),
  `updated_at` timestamp NULL DEFAULT current_timestamp(),
  PRIMARY KEY (`seq`)
) ENGINE=InnoDB DEFAULT CHARSET=utf8mb4 COLLATE=utf8mb4_general_ci COMMENT='사용자_정보';
/*!40101 SET character_set_client = @saved_cs_client */;

--
-- Dumping data for table `users`
--

LOCK TABLES `users` WRITE;
/*!40000 ALTER TABLE `users` DISABLE KEYS */;
INSERT INTO `users` VALUES
(1,'id','qwe',NULL,NULL,'안녕','티이모','park_wj7269@naver.com','ACTIVE',1,3,0,'2023-10-21 07:22:14','2023-12-03 06:47:29'),
(2,'test','test',NULL,NULL,'s','ㅎㅎ',NULL,'ACTIVE',5,3,0,'2023-10-29 03:22:10','2023-11-30 08:56:17');
/*!40000 ALTER TABLE `users` ENABLE KEYS */;
UNLOCK TABLES;

--
-- Dumping routines for database 'gravitygather'
--
/*!50003 SET @saved_sql_mode       = @@sql_mode */ ;
/*!50003 SET sql_mode              = 'IGNORE_SPACE,STRICT_TRANS_TABLES,ERROR_FOR_DIVISION_BY_ZERO,NO_AUTO_CREATE_USER,NO_ENGINE_SUBSTITUTION' */ ;
/*!50003 DROP FUNCTION IF EXISTS `getCdeNm` */;
/*!50003 SET @saved_cs_client      = @@character_set_client */ ;
/*!50003 SET @saved_cs_results     = @@character_set_results */ ;
/*!50003 SET @saved_col_connection = @@collation_connection */ ;
/*!50003 SET character_set_client  = utf8mb4 */ ;
/*!50003 SET character_set_results = utf8mb4 */ ;
/*!50003 SET collation_connection  = utf8mb4_unicode_ci */ ;
DELIMITER ;;
CREATE DEFINER=`root`@`localhost` FUNCTION `getCdeNm`(p_cmm_cde_val VARCHAR(255), p_dte_cde_val VARCHAR(255)) RETURNS varchar(255) CHARSET utf8mb4 COLLATE utf8mb4_general_ci
BEGIN
  DECLARE result VARCHAR(255);
  SELECT codeName INTO result
  FROM DetailCode
  WHERE cmm_cde_val = p_cmm_cde_val AND dte_cde_val = p_dte_cde_val;
  RETURN result;
END ;;
DELIMITER ;
/*!50003 SET sql_mode              = @saved_sql_mode */ ;
/*!50003 SET character_set_client  = @saved_cs_client */ ;
/*!50003 SET character_set_results = @saved_cs_results */ ;
/*!50003 SET collation_connection  = @saved_col_connection */ ;
/*!40103 SET TIME_ZONE=@OLD_TIME_ZONE */;

/*!40101 SET SQL_MODE=@OLD_SQL_MODE */;
/*!40014 SET FOREIGN_KEY_CHECKS=@OLD_FOREIGN_KEY_CHECKS */;
/*!40014 SET UNIQUE_CHECKS=@OLD_UNIQUE_CHECKS */;
/*!40101 SET CHARACTER_SET_CLIENT=@OLD_CHARACTER_SET_CLIENT */;
/*!40101 SET CHARACTER_SET_RESULTS=@OLD_CHARACTER_SET_RESULTS */;
/*!40101 SET COLLATION_CONNECTION=@OLD_COLLATION_CONNECTION */;
/*!40111 SET SQL_NOTES=@OLD_SQL_NOTES */;

-- Dump completed on 2023-12-04 21:38:37
